ATC_C,ATC_H,ATC_N,ATC_O,ATC_S
28.11,14.05,51.35,6.49,0.0
22.42,16.97,50.3,6.67,3.64
28.22,13.86,50.99,6.44,0.5
28.08,13.3,51.23,6.9,0.49
29.06,14.29,50.25,5.91,0.49
27.64,14.57,51.26,6.03,0.5
28.92,13.73,50.49,6.37,0.49
28.11,11.06,53.0,6.45,1.38
27.31,10.04,52.21,10.04,0.4
27.64,10.16,52.03,10.16,0.0
25.39,12.44,55.96,6.22,0.0
27.1,11.68,54.67,6.54,0.0
27.52,8.53,57.36,6.59,0.0
24.62,11.79,54.36,9.23,0.0
25.39,13.99,51.81,7.25,1.55
26.17,11.21,55.61,7.01,0.0
28.38,10.81,52.7,7.66,0.45
25.55,11.01,56.83,6.61,0.0
29.06,13.79,51.23,5.42,0.49
26.21,13.11,53.4,7.28,0.0
27.07,12.23,53.71,6.99,0.0
27.16,11.21,55.17,6.03,0.43
28.39,11.02,55.08,5.51,0.0
28.4,9.34,55.64,6.61,0.0
26.82,11.36,55.0,6.82,0.0
26.73,12.9,53.0,7.37,0.0
26.48,12.79,54.34,6.39,0.0
26.91,11.66,54.26,7.17,0.0
26.73,12.9,53.0,7.37,0.0
26.73,12.9,53.0,7.37,0.0
26.98,13.02,53.02,6.98,0.0
25.7,12.62,54.21,7.48,0.0
27.07,12.23,53.71,6.99,0.0
26.98,13.02,53.02,6.98,0.0
26.58,12.61,53.6,7.21,0.0
27.11,12.0,53.78,7.11,0.0
26.99,12.39,53.54,7.08,0.0
27.38,9.92,55.16,7.14,0.4
25.37,13.17,55.61,5.85,0.0
24.0,14.0,54.5,7.5,0.0
27.08,10.42,54.17,7.92,0.42
30.04,10.27,51.71,7.98,0.0
28.46,8.99,56.18,6.37,0.0
25.78,11.11,57.33,5.78,0.0
25.76,11.35,57.21,5.68,0.0
26.25,9.65,57.53,6.56,0.0
27.23,13.39,52.23,6.7,0.45
27.64,10.16,54.88,7.32,0.0
25.42,10.42,56.25,7.92,0.0
25.95,9.16,54.96,9.16,0.76
24.71,9.41,55.69,9.41,0.78
27.51,10.48,53.71,7.42,0.87
27.97,11.02,53.81,6.36,0.85
26.72,11.74,53.04,8.5,0.0
25.2,11.79,53.66,8.94,0.41
24.79,11.98,52.89,9.92,0.41
27.56,12.89,52.89,6.67,0.0
26.87,12.78,54.19,6.17,0.0
26.89,13.03,53.36,6.72,0.0
25.1,13.81,53.56,7.53,0.0
28.31,13.24,50.23,7.76,0.46
27.76,11.74,53.02,7.47,0.0
28.41,10.23,55.68,5.68,0.0
29.73,10.04,54.83,5.41,0.0
29.48,10.76,54.18,5.58,0.0
28.4,10.8,55.2,5.6,0.0
29.06,10.19,54.34,6.42,0.0
28.24,10.59,54.51,6.67,0.0
27.85,11.39,54.85,5.91,0.0
29.92,10.23,53.41,6.44,0.0
29.12,10.34,54.79,5.75,0.0
28.08,10.38,55.77,5.77,0.0
28.12,10.94,54.69,6.25,0.0
28.98,11.43,53.88,5.71,0.0
27.69,11.57,54.55,5.79,0.41
26.5,11.54,55.56,5.98,0.43
26.58,11.39,55.7,5.91,0.42
26.56,11.62,55.6,5.81,0.41
26.61,11.16,55.79,6.01,0.43
27.92,11.25,55.0,5.83,0.0
29.15,11.34,53.04,6.48,0.0
26.69,12.29,55.08,5.93,0.0
30.42,9.09,52.45,8.04,0.0
26.69,11.44,55.93,5.93,0.0
27.94,11.34,53.85,6.48,0.4
28.4,11.52,54.32,5.76,0.0
28.52,10.55,55.47,5.47,0.0
28.4,10.89,55.25,5.45,0.0
28.46,10.77,55.38,5.38,0.0
28.46,10.77,55.38,5.38,0.0
28.46,10.11,55.81,5.62,0.0
28.46,10.67,54.94,5.93,0.0
27.08,10.83,55.83,5.83,0.42
27.38,10.71,56.35,5.56,0.0
27.38,10.71,56.35,5.56,0.0
27.42,11.29,55.65,5.65,0.0
27.48,10.69,56.11,5.73,0.0
27.38,10.71,56.35,5.56,0.0
27.35,11.43,55.51,5.71,0.0
28.4,10.8,55.2,5.6,0.0
27.31,10.84,56.22,5.62,0.0
27.09,10.76,55.78,6.37,0.0
27.09,10.76,55.78,6.37,0.0
27.31,11.65,55.42,5.62,0.0
28.52,10.55,55.47,5.47,0.0
28.57,10.32,55.56,5.56,0.0
27.31,10.84,56.22,5.62,0.0
27.09,10.76,55.78,6.37,0.0
27.31,9.96,56.46,6.27,0.0
29.55,11.34,53.85,5.26,0.0
29.28,10.65,53.99,6.08,0.0
28.24,10.69,54.96,6.11,0.0
28.97,10.71,54.37,5.95,0.0
27.24,10.51,55.64,6.61,0.0
27.31,10.84,56.22,5.62,0.0
27.27,11.57,55.79,5.37,0.0
28.52,10.27,55.51,5.32,0.38
28.46,10.67,55.34,5.53,0.0
27.69,11.57,54.55,5.79,0.41
28.92,11.65,53.82,5.62,0.0
26.72,11.74,55.87,5.67,0.0
27.8,11.2,54.77,5.81,0.41
29.39,11.84,52.24,6.53,0.0
28.0,11.2,55.2,5.6,0.0
26.64,11.89,55.33,6.15,0.0
28.02,11.67,54.09,6.23,0.0
28.97,11.9,52.78,6.35,0.0
26.45,11.57,54.55,6.61,0.83
27.03,10.81,53.28,7.72,1.16
30.07,10.14,52.9,6.88,0.0
26.67,10.2,56.47,6.27,0.39
27.95,12.2,53.94,5.91,0.0
26.88,12.25,54.94,5.93,0.0
27.94,12.15,53.85,6.07,0.0
26.8,12.4,54.8,6.0,0.0
27.95,12.2,53.94,5.91,0.0
27.71,12.85,53.41,6.02,0.0
25.81,11.29,57.26,5.65,0.0
28.33,12.08,52.5,7.08,0.0
25.74,13.86,49.5,10.89,0.0
27.98,11.11,54.73,6.17,0.0
28.05,11.38,54.47,6.1,0.0
29.2,11.2,53.2,6.4,0.0
27.65,10.23,54.55,7.2,0.38
29.12,10.73,54.02,6.13,0.0
26.69,12.29,55.08,5.93,0.0
28.29,10.85,55.04,5.81,0.0
27.38,11.41,55.13,6.08,0.0
26.62,11.41,54.75,6.84,0.38
26.72,11.74,55.47,6.07,0.0
26.95,11.33,55.86,5.86,0.0
26.94,9.59,57.2,6.27,0.0
28.24,11.07,54.58,6.11,0.0
28.24,11.07,54.58,6.11,0.0
28.09,10.11,55.43,6.37,0.0
27.41,10.81,56.37,5.41,0.0
26.75,10.7,57.2,5.35,0.0
26.32,11.34,56.28,6.07,0.0
26.29,11.55,56.18,5.98,0.0
26.4,12.0,55.6,6.0,0.0
32.15,8.36,51.45,8.04,0.0
28.0,11.6,54.4,6.0,0.0
29.06,11.32,53.58,6.04,0.0
28.57,10.53,55.26,5.64,0.0
28.29,11.16,54.18,6.37,0.0
26.32,11.34,56.28,6.07,0.0
26.27,10.98,56.86,5.88,0.0
26.21,11.69,56.05,6.05,0.0
31.76,8.18,51.89,8.18,0.0
27.27,10.14,55.59,6.99,0.0
24.79,13.68,53.42,8.12,0.0
25.4,12.5,53.23,8.87,0.0
28.75,8.31,52.08,10.86,0.0
29.78,8.15,51.1,10.97,0.0
31.15,8.1,50.47,10.28,0.0
26.78,13.39,53.14,6.69,0.0
27.78,14.1,51.28,6.84,0.0
28.96,11.97,50.97,7.72,0.39
26.02,11.15,53.16,8.92,0.74
25.94,12.13,56.49,5.44,0.0
26.21,11.69,56.05,6.05,0.0
26.1,10.84,57.03,5.62,0.4
31.07,8.41,51.46,9.06,0.0
28.03,10.61,53.41,7.95,0.0
27.69,11.54,53.46,7.31,0.0
26.88,10.04,54.12,8.96,0.0
27.11,16.89,48.89,7.11,0.0
27.07,12.41,53.76,6.77,0.0
27.6,11.11,54.12,7.17,0.0
27.59,15.52,50.43,6.03,0.43
28.24,17.25,48.24,6.27,0.0
27.91,12.4,53.88,5.81,0.0
29.82,10.55,53.09,5.82,0.73
28.87,9.86,54.58,5.99,0.7
27.94,12.15,54.25,5.67,0.0
27.6,10.75,55.2,6.45,0.0
29.33,10.6,54.77,5.3,0.0
29.23,10.92,54.58,5.28,0.0
28.47,10.32,55.16,6.05,0.0
27.8,10.47,54.51,6.14,1.08
27.87,10.1,55.75,6.27,0.0
29.14,12.23,51.8,6.83,0.0
26.74,9.72,55.9,6.6,1.04
26.21,12.5,53.63,7.66,0.0
29.0,11.52,52.42,7.06,0.0
28.95,11.65,52.63,6.77,0.0
28.96,12.36,52.12,6.56,0.0
24.89,12.66,55.7,6.75,0.0
27.88,11.52,54.28,6.32,0.0
26.77,11.52,54.28,7.43,0.0
25.57,12.21,55.73,6.11,0.38
27.08,10.83,55.23,6.86,0.0
27.08,11.46,54.86,6.6,0.0
27.14,11.43,55.0,6.07,0.36
27.11,11.27,54.93,5.99,0.7
27.05,10.27,56.16,6.51,0.0
26.05,11.11,57.09,5.75,0.0
26.64,10.58,56.2,6.57,0.0
25.64,10.62,57.14,6.59,0.0
25.71,10.71,57.14,6.43,0.0
25.0,11.54,56.15,6.92,0.38
27.24,12.41,54.14,6.21,0.0
26.88,11.11,55.2,6.81,0.0
27.96,10.53,54.61,6.91,0.0
27.08,11.19,55.23,6.5,0.0
26.95,10.28,56.03,6.74,0.0
26.6,10.64,55.32,6.74,0.71
25.86,12.55,54.75,6.84,0.0
29.9,9.62,54.3,6.19,0.0
25.35,9.86,57.75,7.04,0.0
25.93,8.64,58.64,6.79,0.0
26.8,10.31,56.36,6.53,0.0
27.82,11.62,54.23,6.34,0.0
26.55,11.27,55.27,6.55,0.36
26.64,11.31,55.47,6.57,0.0
25.8,11.31,56.18,6.71,0.0
25.37,13.06,51.87,9.7,0.0
24.9,14.69,52.65,6.94,0.82
27.3,10.2,52.63,9.87,0.0
24.53,15.09,50.47,7.08,2.83
23.08,15.38,51.44,7.21,2.88
22.69,16.2,51.85,6.48,2.78
28.0,11.64,54.91,5.45,0.0
27.94,11.76,54.78,5.51,0.0
28.06,11.51,55.04,5.4,0.0
25.78,15.56,49.78,6.67,2.22
27.71,9.24,54.46,8.6,0.0
25.45,11.47,55.91,6.45,0.72
25.51,14.98,52.63,6.88,0.0
25.1,15.23,52.26,6.58,0.82
25.46,15.13,52.03,7.01,0.37
27.07,14.66,51.13,7.14,0.0
24.5,16.06,51.81,7.63,0.0
26.16,11.47,55.56,6.81,0.0
28.83,11.39,54.09,5.69,0.0
27.86,11.43,55.0,5.71,0.0
28.43,10.78,53.59,7.19,0.0
31.12,9.06,51.96,7.85,0.0
26.99,10.73,56.4,5.88,0.0
25.1,12.94,55.29,6.67,0.0
27.05,11.03,55.52,6.41,0.0
25.9,11.15,56.12,6.47,0.36
25.43,11.34,57.04,6.19,0.0
25.76,10.51,57.29,6.44,0.0
26.47,10.78,55.23,7.19,0.33
26.4,10.89,55.45,6.93,0.33
25.28,14.34,53.58,6.79,0.0
27.64,9.94,55.9,6.52,0.0
27.62,9.84,55.87,6.67,0.0
27.81,9.38,56.25,6.56,0.0
27.64,9.94,55.9,6.52,0.0
27.59,10.03,55.8,6.58,0.0
26.44,11.19,55.93,6.44,0.0
25.08,13.36,53.09,8.14,0.33
26.03,13.97,50.48,9.52,0.0
23.85,13.85,52.69,9.62,0.0
26.8,13.4,52.94,6.86,0.0
25.82,12.75,52.94,8.17,0.33
24.36,13.09,54.18,8.36,0.0
25.76,11.86,53.22,8.47,0.68
27.67,11.0,53.0,8.33,0.0
27.11,11.97,52.82,8.1,0.0
26.67,12.0,52.33,8.67,0.33
30.62,9.77,53.75,5.86,0.0
30.77,9.62,53.53,6.09,0.0
30.42,10.03,53.72,5.83,0.0
26.75,9.87,56.37,7.01,0.0
26.88,9.69,56.56,6.88,0.0
26.69,9.97,56.27,7.07,0.0
27.05,10.27,55.82,6.16,0.68
28.16,11.33,52.43,8.09,0.0
26.26,12.46,54.88,6.4,0.0
26.13,12.54,52.26,8.01,1.05
25.96,13.33,51.58,8.42,0.7
25.65,12.34,52.6,8.77,0.65
28.34,11.15,52.23,7.96,0.32
24.83,14.48,52.41,8.28,0.0
29.94,10.19,54.46,5.41,0.0
28.85,10.82,54.75,5.57,0.0
27.7,11.49,55.07,5.74,0.0
27.21,12.01,54.06,6.01,0.71
26.9,10.44,55.06,7.59,0.0
26.56,10.49,56.07,6.89,0.0
26.48,12.2,54.7,6.62,0.0
28.12,11.25,51.88,8.75,0.0
28.1,11.76,54.9,5.23,0.0
26.64,11.76,55.71,5.88,0.0
26.78,11.53,55.93,5.76,0.0
26.48,12.2,55.4,5.92,0.0
26.01,12.16,52.36,8.78,0.68
26.37,11.99,55.48,6.16,0.0
26.37,11.99,55.48,6.16,0.0
26.3,12.11,55.36,6.23,0.0
27.24,12.07,54.48,6.21,0.0
26.3,12.11,55.36,6.23,0.0
26.3,12.11,55.36,6.23,0.0
26.37,11.99,55.48,6.16,0.0
26.3,12.11,55.36,6.23,0.0
26.3,12.11,55.36,6.23,0.0
25.76,11.86,55.59,6.78,0.0
26.0,12.0,52.67,9.33,0.0
26.56,12.13,53.11,8.2,0.0
25.59,12.46,55.89,6.06,0.0
26.28,11.6,55.97,6.14,0.0
25.17,12.59,55.94,6.29,0.0
25.99,9.04,58.47,6.5,0.0
25.99,9.04,58.47,6.5,0.0
26.89,14.39,50.76,6.82,1.14
26.15,9.85,54.46,9.54,0.0
28.23,9.91,53.15,8.41,0.3
25.55,10.41,53.0,9.78,1.26
26.79,14.64,50.78,7.79,0.0
28.71,10.73,52.68,6.94,0.95
28.16,10.44,53.16,7.59,0.63
27.63,11.41,52.25,8.41,0.3
27.74,11.59,51.83,8.54,0.3
25.26,14.04,52.28,7.72,0.7
27.67,11.95,52.2,7.55,0.63
27.45,11.76,52.61,7.52,0.65
26.91,9.5,56.46,7.12,0.0
26.64,18.09,49.34,5.92,0.0
26.62,12.99,52.6,7.47,0.32
27.95,11.18,52.48,7.76,0.62
28.09,10.8,52.78,7.72,0.62
29.79,10.64,54.1,5.47,0.0
29.91,10.88,53.17,6.04,0.0
29.48,10.94,53.5,5.47,0.61
28.92,10.77,54.77,5.54,0.0
28.57,11.18,54.66,5.59,0.0
27.48,11.82,54.95,5.75,0.0
27.48,11.82,54.95,5.75,0.0
26.99,10.51,55.4,6.53,0.57
31.33,8.88,51.96,7.83,0.0
27.45,11.44,54.9,5.88,0.33
26.23,11.11,54.63,7.1,0.93
25.99,11.31,55.05,6.73,0.92
27.52,11.41,55.03,6.04,0.0
28.01,10.54,55.72,5.72,0.0
27.87,10.06,55.75,5.75,0.57
27.24,10.84,56.35,5.57,0.0
27.41,10.54,56.33,5.72,0.0
27.36,10.64,56.53,5.47,0.0
27.21,12.46,54.43,5.9,0.0
27.25,11.68,54.49,6.59,0.0
26.9,11.71,53.16,7.59,0.63
25.99,12.17,55.26,6.58,0.0
25.75,12.04,54.85,7.36,0.0
26.87,10.53,54.29,8.31,0.0
24.73,12.37,56.18,6.71,0.0
24.91,12.29,55.97,6.83,0.0
26.47,12.09,54.58,6.86,0.0
26.45,12.26,54.52,6.77,0.0
26.58,12.03,54.75,6.65,0.0
24.83,12.08,55.7,7.38,0.0
25.0,12.16,56.08,6.76,0.0
26.47,12.09,54.58,6.86,0.0
26.14,12.42,54.9,6.54,0.0
27.41,10.84,53.01,8.73,0.0
24.78,11.34,54.63,8.06,1.19
25.16,11.95,55.66,7.23,0.0
26.16,12.25,54.3,7.28,0.0
26.32,11.76,55.11,6.81,0.0
25.55,11.99,55.52,6.94,0.0
26.09,11.8,54.97,7.14,0.0
22.99,16.09,52.49,6.51,1.92
26.05,10.78,56.29,6.59,0.3
25.76,10.91,56.36,6.67,0.3
25.8,11.78,56.37,6.05,0.0
25.72,11.9,56.59,5.79,0.0
25.68,12.16,56.08,6.08,0.0
25.69,10.7,56.88,6.12,0.61
26.11,10.98,56.08,6.82,0.0
25.88,11.5,55.91,6.71,0.0
26.57,11.64,54.93,6.87,0.0
26.38,11.96,54.91,6.75,0.0
26.55,11.21,55.46,6.78,0.0
25.45,10.3,57.58,6.67,0.0
27.5,10.0,52.5,8.89,1.11
27.35,9.94,52.21,9.39,1.1
27.51,11.65,55.02,5.83,0.0
25.82,9.34,58.24,6.59,0.0
27.54,10.43,55.65,5.8,0.58
27.33,11.05,52.91,8.72,0.0
25.24,12.3,55.21,7.26,0.0
27.35,9.94,52.21,9.39,1.1
26.98,12.06,52.7,7.62,0.63
25.7,11.76,55.73,6.81,0.0
29.12,11.18,53.53,6.18,0.0
28.09,11.73,53.7,6.48,0.0
25.68,9.84,57.65,6.83,0.0
27.27,13.48,52.66,6.27,0.31
25.34,11.44,52.59,9.54,1.09
29.36,10.8,53.46,6.37,0.0
26.89,11.18,55.89,5.74,0.3
27.35,10.19,54.69,7.51,0.27
25.3,11.45,52.41,9.04,1.81
24.33,10.98,53.12,9.79,1.78
25.93,12.35,55.25,6.48,0.0
26.74,10.31,55.71,6.69,0.56
26.91,12.54,54.13,6.42,0.0
23.42,11.39,53.8,9.49,1.9
23.49,10.84,53.92,9.94,1.81
24.92,11.25,53.8,8.21,1.82
23.95,10.78,54.49,8.98,1.8
26.1,12.02,54.84,6.74,0.29
26.32,12.38,55.11,6.19,0.0
25.54,11.69,56.31,6.46,0.0
27.04,11.27,52.68,9.01,0.0
26.99,11.36,52.56,9.09,0.0
26.99,11.36,52.56,9.09,0.0
25.95,11.95,54.52,7.29,0.29
26.42,13.84,51.89,7.23,0.63
26.52,13.11,52.74,7.01,0.61
26.48,13.71,52.02,7.17,0.62
27.25,12.46,52.46,7.83,0.0
23.39,10.53,53.8,10.53,1.75
28.57,11.05,51.75,8.63,0.0
26.76,10.88,56.18,6.18,0.0
25.49,13.07,51.63,8.82,0.98
26.2,12.35,55.72,5.72,0.0
26.08,9.87,55.44,8.61,0.0
27.64,12.25,52.42,7.41,0.28
29.28,8.93,54.84,6.95,0.0
29.11,9.37,54.43,7.09,0.0
27.61,13.19,50.61,7.98,0.61
25.67,9.63,58.02,6.68,0.0
25.61,11.89,56.4,5.79,0.3
25.53,12.16,56.23,5.78,0.3
25.54,12.0,56.31,5.85,0.31
27.81,10.96,53.09,7.58,0.56
25.23,12.16,52.89,8.51,1.22
24.68,14.29,51.62,8.77,0.65
25.15,12.42,55.76,6.67,0.0
25.0,14.29,53.57,7.14,0.0
25.52,16.78,50.35,7.34,0.0
23.21,10.71,53.57,10.71,1.79
24.17,11.18,52.87,9.97,1.81
25.07,11.04,52.24,9.85,1.79
24.92,11.25,53.8,8.21,1.82
24.17,11.18,52.87,9.97,1.81
25.15,11.66,52.15,9.2,1.84
25.15,11.08,52.69,9.88,1.2
26.55,10.91,52.21,9.14,1.18
25.51,10.85,52.79,9.68,1.17
25.14,10.57,52.86,10.29,1.14
23.56,10.34,54.02,10.34,1.72
27.91,9.82,51.94,9.3,1.03
27.76,9.77,51.67,9.77,1.03
26.45,12.5,52.91,7.56,0.58
25.63,10.31,52.65,11.42,0.0
26.95,13.77,52.1,6.89,0.3
26.83,11.59,53.35,7.93,0.3
26.54,11.73,54.75,6.98,0.0
26.75,11.25,54.5,7.5,0.0
25.87,15.14,50.79,7.26,0.95
26.97,13.94,51.21,6.97,0.91
25.0,11.78,53.74,8.33,1.15
24.29,11.71,54.57,8.29,1.14
25.67,14.03,51.34,8.06,0.9
26.81,13.86,50.9,7.53,0.9
25.98,13.9,51.66,7.55,0.91
25.65,12.1,53.03,8.36,0.86
27.7,11.36,54.29,6.09,0.55
29.02,11.49,51.15,8.33,0.0
28.46,9.92,53.0,8.62,0.0
28.79,11.31,52.44,7.2,0.26
28.05,11.33,52.97,7.65,0.0
26.8,12.1,53.6,7.49,0.0
26.74,12.21,53.78,7.27,0.0
26.73,12.61,53.15,7.51,0.0
28.13,11.7,52.92,7.24,0.0
27.07,11.4,54.7,6.84,0.0
27.76,11.61,53.82,6.8,0.0
27.37,11.45,55.03,6.15,0.0
26.67,11.88,54.2,7.25,0.0
27.54,12.17,52.17,8.12,0.0
27.81,12.43,51.78,7.99,0.0
26.94,11.39,55.28,6.39,0.0
25.81,12.02,54.84,7.33,0.0
26.69,14.72,51.84,6.75,0.0
25.28,11.65,55.97,7.1,0.0
25.82,12.46,54.6,7.12,0.0
25.28,11.8,55.9,7.02,0.0
26.15,11.78,55.46,6.61,0.0
25.81,12.02,54.84,7.33,0.0
26.42,11.32,53.1,9.16,0.0
26.8,12.68,53.89,6.63,0.0
25.76,9.6,58.08,6.57,0.0
25.58,11.63,56.4,6.4,0.0
25.51,13.95,54.08,6.46,0.0
27.35,13.24,51.47,7.94,0.0
25.07,11.66,56.56,6.41,0.29
26.43,13.21,52.85,6.91,0.6
27.87,14.48,50.55,7.1,0.0
27.07,11.05,53.04,7.73,1.1
28.13,10.49,53.45,7.16,0.77
27.27,10.96,53.48,7.49,0.8
24.32,13.07,55.02,6.99,0.61
23.56,12.07,54.6,9.77,0.0
25.0,12.65,55.0,7.35,0.0
24.78,14.12,52.16,8.93,0.0
27.04,14.93,51.27,6.76,0.0
24.51,14.38,53.59,7.52,0.0
26.63,10.3,53.52,9.55,0.0
26.36,12.73,53.03,7.27,0.61
27.59,12.07,52.59,7.18,0.57
24.05,12.32,54.25,8.5,0.88
29.17,11.67,52.22,6.94,0.0
26.81,11.26,53.89,7.51,0.54
25.82,11.81,54.12,7.69,0.55
26.02,11.38,53.93,8.13,0.54
25.68,11.75,53.83,8.2,0.55
24.55,13.03,52.12,9.39,0.91
28.54,14.39,49.88,7.2,0.0
26.04,14.68,50.97,8.03,0.28
25.07,10.9,52.04,9.54,2.45
25.16,14.6,52.8,6.21,1.24
25.57,15.41,52.46,6.56,0.0
28.53,13.09,51.05,7.07,0.26
27.32,11.83,54.08,6.76,0.0
26.83,11.11,55.01,6.23,0.81
26.33,10.89,54.18,8.61,0.0
27.12,11.51,55.34,6.03,0.0
26.51,12.39,54.18,6.92,0.0
26.05,10.53,55.79,6.84,0.79
26.15,11.05,55.8,6.2,0.81
26.13,10.67,55.47,6.93,0.8
25.92,10.47,55.24,7.59,0.79
25.78,10.42,55.47,7.55,0.78
26.78,11.2,54.92,6.28,0.82
26.78,11.2,54.92,6.28,0.82
26.78,11.2,54.92,6.28,0.82
28.68,10.79,54.47,6.05,0.0
26.09,11.14,55.71,6.25,0.82
28.36,9.95,55.47,5.72,0.5
28.36,9.95,55.47,5.72,0.5
27.95,10.51,55.13,5.9,0.51
27.99,10.43,55.22,5.85,0.51
27.55,11.85,53.44,7.16,0.0
26.94,12.5,53.06,7.5,0.0
26.11,12.22,55.56,6.11,0.0
28.9,13.88,50.99,5.95,0.28
26.5,11.97,54.7,6.84,0.0
26.23,14.21,50.0,9.02,0.55
27.55,14.6,51.79,6.06,0.0
27.14,11.06,55.28,6.53,0.0
27.67,12.6,53.42,6.3,0.0
26.78,12.3,54.1,6.28,0.55
26.67,12.78,53.89,6.39,0.28
26.48,13.24,53.24,6.76,0.28
25.88,12.65,54.12,7.06,0.29
25.72,9.53,55.88,8.87,0.0
27.15,12.63,52.42,7.8,0.0
25.52,15.43,52.82,6.23,0.0
25.37,13.13,53.73,7.46,0.3
25.56,11.52,56.74,6.18,0.0
25.94,12.57,54.81,6.68,0.0
25.62,11.57,56.47,6.34,0.0
25.56,11.67,56.39,6.39,0.0
25.5,12.18,56.09,6.23,0.0
25.63,11.42,56.55,6.41,0.0
25.63,11.42,56.55,6.41,0.0
25.5,12.61,55.3,6.59,0.0
25.91,13.37,55.15,5.57,0.0
25.5,12.75,55.24,6.52,0.0
25.56,11.67,56.67,6.11,0.0
25.42,11.73,56.42,6.15,0.28
27.65,10.12,55.06,7.16,0.0
26.36,12.14,53.49,7.49,0.52
27.18,10.77,55.13,6.67,0.26
27.78,9.9,55.31,7.0,0.0
24.52,12.95,52.34,9.09,1.1
27.25,9.7,54.5,8.08,0.46
25.94,14.41,51.3,7.49,0.86
28.57,9.76,54.52,7.14,0.0
26.67,10.24,53.57,9.05,0.48
26.77,11.02,53.02,8.4,0.79
27.3,10.46,55.87,5.87,0.51
25.34,14.17,53.68,6.81,0.0
27.94,11.49,52.22,8.36,0.0
24.86,12.85,51.4,9.22,1.68
27.14,10.55,50.75,10.55,1.01
27.37,10.74,50.9,9.97,1.02
27.0,11.0,51.0,10.0,1.0
27.48,10.64,51.24,9.65,0.99
25.0,13.74,51.1,9.34,0.82
27.7,11.91,52.35,7.48,0.55
27.35,12.82,51.85,7.41,0.57
26.47,11.76,53.92,7.35,0.49
26.49,11.46,54.18,7.4,0.48
26.85,12.28,52.69,8.18,0.0
27.32,11.22,52.93,8.54,0.0
26.89,10.51,55.01,7.58,0.0
25.88,13.48,53.64,7.01,0.0
26.67,10.77,55.9,6.15,0.51
26.59,11.29,53.41,8.47,0.24
26.07,11.03,56.39,6.52,0.0
27.27,12.73,52.73,7.27,0.0
25.14,13.69,53.07,6.98,1.12
26.5,12.25,54.5,6.5,0.25
27.76,13.31,51.27,6.52,1.13
27.71,13.43,51.14,6.57,1.14
27.71,13.43,51.14,6.57,1.14
27.67,13.54,51.01,6.63,1.15
27.64,13.11,51.28,6.84,1.14
26.29,12.86,51.43,7.14,2.29
25.94,11.34,55.42,6.55,0.76
26.49,11.14,54.7,7.18,0.5
26.44,10.34,56.01,6.49,0.72
27.27,11.62,54.04,7.07,0.0
26.34,11.25,56.01,6.39,0.0
27.81,11.99,52.04,8.16,0.0
26.41,11.49,54.52,7.58,0.0
27.19,11.29,53.23,8.06,0.23
25.0,13.08,50.87,8.43,2.62
27.11,13.68,52.11,6.84,0.26
28.43,10.47,53.62,7.23,0.25
27.46,11.59,54.41,6.3,0.25
28.68,10.29,53.68,7.35,0.0
28.45,13.52,51.55,6.48,0.0
28.8,11.41,47.01,12.77,0.0
25.48,11.91,55.4,6.65,0.55
25.54,12.37,54.84,6.45,0.81
25.48,11.78,55.34,6.58,0.82
26.54,11.53,54.69,6.7,0.54
25.74,11.53,55.76,6.43,0.54
26.18,12.53,54.32,6.41,0.56
24.65,12.32,55.46,6.72,0.84
24.58,12.43,55.37,6.78,0.85
24.57,12.86,54.86,6.86,0.86
25.42,12.43,55.08,6.5,0.56
24.41,13.24,55.29,6.47,0.59
24.65,12.32,55.74,6.44,0.84
24.59,11.75,55.74,7.1,0.82
24.58,12.43,55.65,6.5,0.85
24.65,12.47,55.4,6.65,0.83
25.35,12.68,54.93,6.48,0.56
26.82,12.03,54.14,6.77,0.25
25.48,11.78,55.34,6.58,0.82
24.72,12.36,55.9,6.46,0.56
24.72,12.5,55.68,6.25,0.85
24.72,12.5,55.68,6.25,0.85
26.74,11.83,55.01,6.43,0.0
26.03,11.86,55.67,6.44,0.0
27.02,12.37,54.29,6.31,0.0
26.06,12.23,54.79,6.91,0.0
26.78,12.02,54.37,6.83,0.0
25.29,12.64,54.89,6.61,0.57
25.97,11.95,55.58,6.49,0.0
25.88,12.13,54.99,7.01,0.0
25.22,12.75,54.78,6.67,0.58
27.32,11.34,54.64,6.7,0.0
24.93,12.61,55.01,6.88,0.57
24.86,12.72,54.91,6.94,0.58
25.0,12.36,55.34,7.02,0.28
24.49,13.12,55.1,6.71,0.58
24.43,12.93,55.17,6.9,0.57
24.65,12.46,55.81,6.52,0.57
24.5,13.26,55.04,6.63,0.58
24.73,12.09,56.04,6.59,0.55
25.57,12.78,54.55,7.1,0.0
24.58,12.01,56.15,6.98,0.28
25.25,11.52,53.92,8.58,0.74
25.59,12.79,54.31,7.31,0.0
26.42,12.13,54.45,7.01,0.0
25.27,11.81,56.32,6.32,0.27
26.61,13.17,54.57,5.65,0.0
25.83,15.28,51.39,6.67,0.83
26.1,11.09,55.43,7.16,0.23
25.41,11.75,56.56,6.28,0.0
26.32,12.03,54.14,7.02,0.5
27.17,11.48,53.16,8.2,0.0
24.94,10.69,52.16,9.92,2.29
27.94,12.24,50.12,9.7,0.0
24.94,11.53,53.88,9.65,0.0
27.95,9.83,52.84,8.95,0.44
27.91,9.89,52.75,9.01,0.44
25.28,12.92,54.49,6.74,0.56
26.7,12.38,53.4,7.52,0.0
26.74,12.08,52.7,8.23,0.26
25.21,13.7,53.15,6.85,1.1
25.27,14.56,51.1,8.24,0.82
25.48,11.06,53.85,9.62,0.0
27.17,12.89,53.22,6.16,0.56
23.94,10.29,53.69,12.08,0.0
28.45,13.52,51.55,6.48,0.0
28.24,13.99,50.38,7.38,0.0
28.07,11.83,53.36,6.5,0.23
25.86,13.46,53.83,6.33,0.53
25.88,12.56,54.77,6.53,0.25
24.25,13.25,52.5,8.5,1.5
24.69,12.22,52.57,9.05,1.47
27.87,12.13,52.13,7.87,0.0
27.74,11.68,52.8,7.79,0.0
28.24,10.65,53.01,8.1,0.0
27.62,10.95,52.62,8.81,0.0
27.83,10.61,52.36,9.2,0.0
27.94,13.58,50.65,6.79,1.04
27.08,13.54,51.04,7.29,1.04
25.82,12.41,54.94,6.84,0.0
27.93,11.97,53.76,5.87,0.47
26.77,11.06,53.54,8.63,0.0
24.8,12.13,56.33,6.74,0.0
27.23,9.82,56.03,6.92,0.0
25.34,12.13,52.56,7.82,2.16
26.81,12.08,54.35,6.52,0.24
27.55,11.73,53.83,6.89,0.0
24.46,13.62,55.11,6.81,0.0
26.25,12.89,54.18,6.68,0.0
26.2,12.98,54.33,6.49,0.0
26.13,12.83,53.92,7.13,0.0
26.2,12.98,54.09,6.73,0.0
26.09,12.8,54.35,6.76,0.0
24.53,12.27,56.0,6.93,0.27
25.07,12.81,54.87,6.96,0.28
24.38,12.74,55.68,6.93,0.28
26.4,12.69,53.55,7.36,0.0
26.62,11.94,54.23,6.97,0.25
26.34,12.68,53.9,7.07,0.0
26.4,13.6,52.27,6.67,1.07
26.4,13.6,52.27,6.67,1.07
27.61,10.67,53.6,8.12,0.0
26.39,14.17,51.67,6.67,1.11
26.17,13.73,52.07,7.25,0.78
26.5,10.91,52.34,9.35,0.89
27.79,12.16,52.85,7.2,0.0
28.11,11.75,53.46,6.45,0.23
27.15,10.6,52.98,9.05,0.22
26.48,12.06,52.72,8.75,0.0
26.04,12.04,54.79,7.13,0.0
25.13,13.37,55.35,6.15,0.0
25.66,15.34,51.32,7.67,0.0
26.18,11.56,54.95,7.08,0.24
29.15,10.99,52.24,7.62,0.0
26.06,11.74,55.16,7.04,0.0
26.2,12.53,53.99,7.29,0.0
28.35,12.31,51.65,7.47,0.22
26.11,9.77,57.32,6.79,0.0
27.93,10.81,52.7,8.56,0.0
28.09,10.69,54.3,6.92,0.0
28.1,11.01,52.46,8.43,0.0
28.07,11.14,52.44,8.35,0.0
25.87,11.19,55.24,7.23,0.47
27.67,10.93,53.49,7.91,0.0
26.83,11.24,55.28,6.19,0.46
25.75,11.6,55.22,6.96,0.46
27.12,12.11,53.51,7.02,0.24
27.14,12.14,53.33,7.14,0.24
25.06,12.04,55.53,7.37,0.0
25.8,12.1,54.57,7.53,0.0
25.9,12.39,54.28,7.43,0.0
26.41,12.71,53.55,7.09,0.24
26.46,11.89,54.85,6.8,0.0
27.27,12.29,53.32,7.13,0.0
27.11,12.69,52.49,7.71,0.0
25.87,12.44,54.48,7.21,0.0
25.92,12.47,54.28,7.33,0.0
25.93,12.35,54.57,7.16,0.0
25.87,12.44,54.73,6.97,0.0
26.24,12.87,53.71,7.18,0.0
26.54,12.32,53.32,7.58,0.24
24.67,12.73,54.91,7.16,0.53
26.38,15.35,51.08,7.19,0.0
25.63,13.07,55.03,6.28,0.0
27.27,12.82,53.15,6.76,0.0
26.64,12.85,53.74,6.78,0.0
25.74,13.24,53.92,7.11,0.0
25.74,13.24,54.17,6.86,0.0
25.68,13.33,54.07,6.91,0.0
26.64,12.85,53.74,6.78,0.0
26.44,12.26,54.09,6.97,0.24
25.56,13.28,54.64,6.52,0.0
24.81,13.42,55.19,6.58,0.0
24.6,14.44,54.28,6.68,0.0
26.61,11.01,54.13,8.26,0.0
26.96,10.62,55.2,7.22,0.0
26.82,10.94,54.94,7.3,0.0
27.85,10.55,52.74,8.86,0.0
25.99,13.86,53.22,6.44,0.5
26.36,11.59,55.68,6.14,0.23
26.35,11.71,55.63,6.08,0.23
26.24,12.62,53.22,6.93,0.99
29.02,10.71,52.68,7.59,0.0
25.26,13.68,52.37,8.42,0.26
28.48,11.56,52.68,7.28,0.0
26.81,10.0,55.96,7.02,0.21
27.56,9.84,54.13,8.46,0.0
26.88,11.61,53.12,8.39,0.0
27.14,12.14,53.33,7.14,0.24
29.6,10.99,52.02,7.4,0.0
29.64,11.09,51.58,7.69,0.0
29.5,11.04,51.35,8.11,0.0
26.76,12.44,53.29,6.81,0.7
26.07,12.09,54.98,6.87,0.0
26.39,12.59,53.03,7.26,0.73
26.56,12.44,54.31,6.7,0.0
27.14,14.32,51.07,7.26,0.21
26.1,12.72,53.73,7.46,0.0
27.27,11.92,49.7,11.11,0.0
24.94,12.58,55.06,6.52,0.9
27.27,11.09,54.77,6.43,0.44
26.65,11.23,55.29,6.39,0.44
26.61,11.31,55.21,6.43,0.44
27.45,10.89,54.9,6.1,0.65
27.09,11.45,54.63,6.39,0.44
26.75,10.75,55.26,6.58,0.66
26.93,10.82,55.63,6.18,0.44
26.62,11.41,55.03,6.26,0.67
27.17,11.36,54.79,6.24,0.45
27.21,11.34,52.61,8.62,0.23
29.04,10.48,51.75,8.73,0.0
26.96,10.87,55.65,6.09,0.43
26.07,11.24,55.73,6.29,0.67
26.61,11.31,55.43,6.21,0.44
27.35,10.99,54.71,6.28,0.67
27.42,11.01,54.83,6.29,0.45
26.68,11.06,55.1,6.51,0.65
27.42,11.01,54.83,6.29,0.45
27.49,10.86,54.99,6.21,0.44
27.38,11.09,54.75,6.33,0.45
27.4,11.42,54.34,6.39,0.46
26.59,11.59,54.55,6.82,0.45
26.68,11.43,54.71,6.73,0.45
26.17,11.19,54.81,7.38,0.45
27.09,11.23,54.63,6.61,0.44
26.71,11.04,55.19,6.62,0.44
26.8,10.89,55.34,6.54,0.44
26.68,11.43,54.71,6.73,0.45
28.07,10.75,54.39,6.14,0.66
28.06,11.14,53.9,6.24,0.67
28.13,10.77,54.51,6.15,0.44
27.33,11.06,54.66,6.51,0.43
25.85,11.56,54.88,7.26,0.45
26.64,11.51,55.08,6.32,0.45
26.58,11.26,55.18,6.53,0.45
27.55,10.85,55.1,6.07,0.43
27.53,10.79,55.07,6.17,0.44
27.49,10.86,54.99,6.21,0.44
26.89,10.89,55.56,6.22,0.44
26.93,10.82,55.63,6.18,0.44
27.47,10.99,54.95,6.15,0.44
27.21,11.28,54.87,6.19,0.44
27.19,11.69,54.38,6.29,0.45
26.97,10.75,55.7,6.14,0.44
26.87,11.01,55.51,6.17,0.44
26.89,11.33,55.11,6.22,0.44
27.51,10.92,55.02,6.11,0.44
26.91,10.94,55.58,6.13,0.44
26.33,11.28,55.97,5.97,0.44
26.91,10.94,55.36,6.35,0.44
27.53,10.97,54.84,6.24,0.43
27.59,11.04,54.75,6.18,0.44
27.53,10.97,54.84,6.24,0.43
26.9,11.06,55.31,6.29,0.43
28.05,10.71,54.18,6.64,0.43
27.59,10.78,54.96,6.25,0.43
27.47,10.73,54.72,6.65,0.43
27.53,11.45,54.63,5.95,0.44
26.96,10.87,55.0,6.74,0.43
26.86,10.92,55.24,6.33,0.66
26.79,11.16,55.13,6.03,0.89
26.17,11.19,55.7,6.04,0.89
26.93,10.82,55.63,6.18,0.44
27.53,10.79,55.07,6.17,0.44
27.48,11.26,54.5,6.31,0.45
26.89,10.89,55.56,6.22,0.44
26.54,11.18,55.92,5.92,0.44
26.52,11.3,55.87,5.87,0.43
26.15,11.47,55.73,6.19,0.46
26.49,11.7,54.97,6.4,0.44
27.54,11.02,55.08,5.93,0.42
26.57,11.66,55.08,6.26,0.43
25.93,12.09,55.16,6.37,0.44
26.23,11.71,54.8,6.56,0.7
26.21,11.72,54.94,6.44,0.69
26.4,11.19,54.81,6.94,0.67
27.13,11.21,54.48,6.5,0.67
26.77,11.06,55.53,6.19,0.44
27.7,12.16,53.6,6.53,0.0
27.94,11.97,53.66,6.43,0.0
27.49,10.82,54.98,6.71,0.0
26.34,12.28,54.24,7.14,0.0
26.39,12.04,53.94,7.64,0.0
27.68,13.13,51.31,7.64,0.24
25.56,12.9,54.09,7.44,0.0
25.78,12.22,54.67,7.33,0.0
25.87,12.01,54.04,8.08,0.0
26.93,11.26,54.97,6.84,0.0
27.64,11.59,53.66,6.91,0.2
24.95,10.1,56.29,8.45,0.21
26.55,11.5,55.53,6.42,0.0
26.46,11.93,53.8,7.81,0.0
26.45,12.04,53.76,7.74,0.0
28.21,10.51,53.89,7.0,0.39
27.05,13.18,51.59,7.27,0.91
25.79,12.67,53.62,7.24,0.68
23.74,11.07,52.92,12.27,0.0
25.63,12.36,55.15,6.86,0.0
27.22,10.76,54.85,6.96,0.21
26.42,12.97,52.83,6.84,0.94
25.06,11.53,56.32,6.65,0.44
26.57,12.59,53.38,6.53,0.93
26.57,12.59,53.38,6.53,0.93
26.5,11.98,53.92,6.68,0.92
26.51,12.33,53.49,6.74,0.93
26.57,12.59,53.38,6.53,0.93
26.35,12.71,52.94,7.06,0.94
28.28,11.07,52.87,7.58,0.2
26.2,11.57,55.68,6.33,0.22
24.59,15.85,50.82,7.38,1.37
27.25,11.59,54.51,6.44,0.21
27.56,11.78,52.67,7.56,0.44
27.73,10.7,55.02,6.55,0.0
27.73,10.7,55.02,6.55,0.0
25.17,14.22,54.31,6.29,0.0
26.23,10.87,56.29,6.61,0.0
26.12,10.92,56.1,6.64,0.21
26.27,12.14,52.98,7.95,0.66
25.18,14.53,51.57,7.51,1.21
25.9,12.95,53.0,6.71,1.44
27.36,10.66,54.33,7.44,0.2
26.31,8.36,53.83,11.5,0.0
27.03,11.79,54.07,6.91,0.2
24.94,12.72,51.4,8.65,2.29
26.56,12.24,52.89,7.39,0.92
26.51,12.33,53.26,6.98,0.93
26.45,12.53,53.36,6.73,0.93
26.33,12.47,53.58,6.7,0.92
25.4,15.24,51.07,6.95,1.34
25.34,12.33,55.02,7.08,0.23
26.45,10.74,53.72,9.09,0.0
27.19,13.6,52.63,6.36,0.22
26.29,12.22,52.59,8.9,0.0
27.54,13.32,51.02,7.22,0.9
25.84,14.38,51.69,7.87,0.22
27.31,11.39,50.49,10.81,0.0
25.86,12.59,51.72,7.78,2.06
27.77,11.47,54.12,6.64,0.0
27.7,10.18,52.95,9.16,0.0
27.59,10.14,52.74,9.53,0.0
27.27,11.42,54.33,6.55,0.42
26.47,10.0,53.73,9.8,0.0
27.17,10.21,53.18,8.86,0.58
27.37,11.37,54.53,6.53,0.21
27.25,10.69,53.46,8.6,0.0
27.59,12.03,51.66,8.71,0.0
26.4,12.3,54.14,6.94,0.22
26.54,12.06,53.51,7.46,0.44
27.09,12.33,53.74,6.83,0.0
26.73,13.36,51.45,7.57,0.89
25.16,12.58,53.15,8.46,0.65
25.59,12.8,54.5,7.11,0.0
25.71,12.97,54.25,7.08,0.0
24.88,12.92,55.02,7.18,0.0
25.64,12.82,54.55,6.99,0.0
26.21,10.68,54.37,8.35,0.39
26.79,12.7,53.58,6.93,0.0
27.13,11.6,54.27,7.0,0.0
26.95,12.03,53.9,7.13,0.0
26.9,11.5,54.88,6.72,0.0
26.91,11.23,55.08,6.78,0.0
26.87,11.3,55.01,6.82,0.0
26.9,11.5,54.88,6.72,0.0
26.84,11.69,54.76,6.71,0.0
26.88,11.61,54.84,6.67,0.0
24.94,12.92,55.23,6.68,0.22
27.33,11.71,54.01,6.72,0.22
26.49,11.7,54.75,7.06,0.0
25.73,12.42,54.63,7.22,0.0
26.32,12.28,54.39,7.02,0.0
26.48,11.82,54.7,7.0,0.0
26.25,11.71,55.31,6.72,0.0
26.49,12.14,54.3,7.06,0.0
26.57,11.66,54.86,6.91,0.0
25.17,12.81,55.38,6.41,0.23
24.94,13.16,54.73,7.16,0.0
25.06,13.33,54.94,6.67,0.0
24.94,13.05,55.24,6.76,0.0
24.94,13.05,55.24,6.76,0.0
24.88,13.36,54.61,7.14,0.0
24.71,13.18,54.82,7.29,0.0
26.33,12.61,53.76,6.64,0.66
25.53,12.88,54.57,7.03,0.0
27.06,13.76,51.15,7.11,0.92
25.39,12.36,55.19,7.06,0.0
25.44,12.72,55.04,6.8,0.0
25.39,13.14,54.79,6.68,0.0
25.22,12.5,54.91,7.14,0.22
25.28,12.42,54.99,7.1,0.22
25.39,12.8,54.97,6.84,0.0
25.49,12.53,55.16,6.81,0.0
26.55,12.17,54.42,6.86,0.0
26.55,12.17,54.42,6.86,0.0
26.54,12.28,54.39,6.8,0.0
26.06,11.86,55.08,6.99,0.0
26.9,12.64,53.33,7.13,0.0
28.04,11.52,52.61,7.83,0.0
27.73,11.57,51.53,9.17,0.0
27.72,11.29,53.18,7.8,0.0
26.99,11.51,53.97,7.53,0.0
25.71,10.59,55.77,7.75,0.19
25.84,12.92,53.67,7.13,0.45
26.77,11.78,54.82,6.42,0.21
27.11,10.84,54.62,7.43,0.0
27.63,12.72,51.97,6.36,1.32
26.91,10.5,54.2,8.21,0.19
25.52,11.0,55.81,6.85,0.83
25.41,10.95,55.58,7.23,0.83
27.08,11.67,53.75,7.5,0.0
24.94,12.94,52.47,8.71,0.94
26.03,12.19,55.17,6.4,0.21
25.89,11.66,54.35,7.91,0.2
26.28,12.69,53.9,7.13,0.0
27.03,13.41,52.31,6.81,0.44
26.81,14.68,50.0,8.3,0.21
25.65,11.33,52.88,9.34,0.8
27.87,10.86,53.28,7.99,0.0
25.44,12.06,54.82,7.02,0.66
25.49,11.98,54.9,6.97,0.65
24.89,12.01,55.46,6.99,0.66
26.75,10.91,55.56,6.79,0.0
26.75,10.91,55.56,6.79,0.0
26.36,12.85,50.54,8.93,1.31
28.15,11.97,51.89,7.98,0.0
26.83,10.98,54.27,7.72,0.2
26.9,11.29,54.62,6.98,0.21
27.6,12.31,53.5,6.58,0.0
27.27,12.12,52.38,8.23,0.0
26.61,11.49,52.42,9.27,0.2
25.94,11.29,55.25,7.52,0.0
26.75,11.18,54.89,6.99,0.2
25.98,10.74,55.86,7.23,0.2
26.98,13.06,51.82,7.49,0.64
26.61,10.57,54.79,8.02,0.0
26.54,11.89,54.35,7.22,0.0
25.22,12.5,55.7,6.58,0.0
25.26,13.36,54.91,6.47,0.0
24.52,14.42,54.57,6.49,0.0
25.12,13.49,54.65,6.74,0.0
26.24,12.69,53.76,7.1,0.22
25.33,12.44,54.89,6.89,0.44
25.53,10.44,54.74,9.28,0.0
27.79,12.37,51.12,8.72,0.0
26.91,13.14,51.69,7.2,1.06
26.13,9.8,55.35,8.53,0.18
27.4,11.55,53.82,7.05,0.2
29.45,12.24,51.05,7.27,0.0
26.88,10.87,55.93,6.32,0.0
27.6,12.1,53.08,7.01,0.21
26.24,11.57,54.75,7.23,0.21
25.53,14.98,51.9,7.17,0.42
29.33,9.36,52.65,8.66,0.0
27.36,10.14,54.53,7.97,0.0
26.19,10.62,54.95,7.51,0.73
26.86,10.16,54.99,7.99,0.0
26.41,12.04,53.98,6.99,0.58
26.23,12.43,53.65,7.1,0.59
26.13,10.34,54.81,8.35,0.36
25.64,10.81,55.13,8.24,0.18
27.17,14.37,51.77,6.69,0.0
25.05,12.74,53.93,8.07,0.21
24.9,11.95,55.78,6.77,0.6
24.8,11.9,55.56,7.14,0.6
25.9,11.45,55.62,6.83,0.2
26.14,12.85,54.03,6.97,0.0
26.14,12.85,54.03,6.97,0.0
26.09,12.61,54.13,7.17,0.0
26.43,11.24,55.03,7.3,0.0
26.27,11.37,55.29,7.06,0.0
26.51,11.11,55.17,7.21,0.0
25.87,11.58,53.86,8.69,0.0
26.42,11.74,55.19,6.65,0.0
25.99,13.22,53.52,7.27,0.0
25.39,13.25,54.08,7.28,0.0
25.55,12.78,54.41,7.27,0.0
25.39,13.14,54.12,7.35,0.0
25.54,12.66,54.94,6.87,0.0
25.53,12.66,54.85,6.96,0.0
25.47,12.42,54.74,7.37,0.0
25.52,12.76,54.81,6.9,0.0
25.37,12.58,55.22,6.82,0.0
25.37,12.58,55.22,6.82,0.0
25.37,12.68,55.18,6.77,0.0
27.02,11.83,53.25,7.69,0.2
25.39,13.25,54.08,7.28,0.0
26.68,12.42,54.38,6.52,0.0
25.93,12.86,54.56,6.64,0.0
25.37,12.79,55.14,6.71,0.0
25.26,13.05,54.95,6.74,0.0
25.36,12.89,55.09,6.65,0.0
25.75,12.45,54.51,7.3,0.0
25.76,11.76,55.38,6.69,0.41
25.05,10.49,56.31,7.38,0.78
26.13,12.55,53.7,7.41,0.21
27.73,9.53,54.94,7.8,0.0
26.1,11.65,54.82,7.43,0.0
26.99,10.87,54.71,6.88,0.54
26.57,11.81,54.92,6.5,0.2
26.53,11.88,54.85,6.53,0.2
26.74,13.68,51.16,7.58,0.84
27.52,13.35,51.54,7.19,0.41
27.14,11.11,54.28,7.1,0.36
26.83,13.01,52.03,7.32,0.81
28.94,10.96,51.71,8.39,0.0
25.98,12.34,52.71,8.79,0.19
28.05,12.4,50.76,8.02,0.76
24.89,14.04,51.7,8.51,0.85
26.01,12.75,51.34,9.9,0.0
26.75,10.41,53.68,9.16,0.0
29.26,12.96,49.44,8.33,0.0
27.42,12.03,54.24,6.31,0.0
26.71,12.45,54.42,6.43,0.0
26.57,11.81,54.13,7.28,0.2
25.37,13.21,53.88,7.13,0.42
26.68,11.52,53.36,7.49,0.96
27.29,13.12,52.5,7.08,0.0
25.52,13.61,52.17,8.32,0.38
24.9,12.65,55.25,6.61,0.58
26.57,11.44,54.43,7.01,0.55
26.48,11.3,54.44,7.22,0.56
25.73,12.77,54.16,7.16,0.19
25.59,12.6,54.33,7.28,0.2
26.1,11.9,53.93,7.87,0.19
26.05,11.79,55.13,7.03,0.0
26.1,13.45,52.01,7.23,1.2
28.32,10.54,53.2,7.77,0.17
26.39,10.41,55.3,7.9,0.0
26.78,13.18,52.3,6.49,1.26
24.9,12.55,55.29,6.67,0.59
24.75,12.77,55.09,6.79,0.6
24.9,12.26,55.45,6.81,0.58
24.75,13.17,54.49,6.99,0.6
24.85,12.72,54.79,7.05,0.59
24.85,12.72,55.19,6.65,0.59
24.75,12.77,55.29,6.59,0.6
24.75,12.97,54.42,7.27,0.59
24.95,12.57,54.93,6.96,0.58
26.13,11.28,54.14,8.46,0.0
25.35,12.27,54.73,7.24,0.4
26.6,12.08,53.58,7.55,0.19
26.72,12.24,53.43,7.42,0.19
26.57,12.71,53.13,7.59,0.0
26.68,12.31,53.36,7.46,0.19
26.23,12.64,53.96,6.79,0.38
24.75,12.77,55.29,6.59,0.6
24.9,12.65,55.06,6.81,0.58
24.85,12.63,55.31,6.81,0.4
25.25,12.93,54.34,6.67,0.81
24.8,12.7,55.16,6.75,0.6
25.49,12.55,54.71,6.67,0.59
24.71,12.75,54.51,7.45,0.59
24.65,13.23,54.31,7.01,0.8
25.0,12.5,54.49,7.23,0.78
25.34,12.19,54.74,7.16,0.58
25.47,13.68,53.68,7.16,0.0
25.47,13.46,54.04,7.04,0.0
25.81,14.62,51.61,6.67,1.29
25.33,15.2,47.73,11.73,0.0
26.53,12.64,52.89,7.76,0.18
25.83,12.04,55.53,6.6,0.0
25.24,12.13,55.97,6.65,0.0
25.43,12.14,56.07,6.36,0.0
26.49,13.35,52.36,6.37,1.44
25.97,13.09,53.17,6.54,1.23
29.14,11.21,52.41,7.24,0.0
25.2,13.21,52.24,8.13,1.22
25.84,12.92,52.68,7.36,1.19
27.77,11.63,53.1,7.5,0.0
25.79,12.8,53.15,7.09,1.18
25.79,13.19,52.95,6.89,1.18
26.01,12.18,54.61,7.2,0.0
26.01,12.18,54.61,7.2,0.0
25.77,11.98,54.99,7.26,0.0
26.43,11.79,54.29,7.5,0.0
26.64,12.04,54.01,7.3,0.0
26.42,12.29,54.13,7.16,0.0
26.35,11.91,54.33,7.4,0.0
24.62,12.69,52.46,9.09,1.14
26.9,12.24,53.62,6.86,0.37
27.56,14.71,51.02,6.33,0.37
27.46,14.66,51.21,6.31,0.37
28.25,12.81,51.6,7.34,0.0
25.85,14.62,50.85,7.42,1.27
25.95,14.77,50.63,7.38,1.27
26.6,13.79,51.46,6.99,1.17
25.1,13.55,54.18,6.77,0.4
25.1,13.55,54.18,6.77,0.4
25.33,12.76,54.22,6.94,0.75
25.24,13.38,53.54,7.27,0.57
25.19,12.98,53.82,7.25,0.76
25.33,12.76,54.22,6.94,0.75
25.19,12.98,54.26,6.98,0.58
25.14,12.86,54.13,7.29,0.58
25.38,12.78,54.32,6.95,0.56
25.29,12.84,54.41,6.9,0.57
25.19,12.79,54.2,7.25,0.57
25.19,12.98,54.07,7.17,0.58
24.71,13.13,54.44,7.34,0.39
24.89,14.47,51.91,7.45,1.28
25.86,14.14,52.12,6.46,1.41
24.78,14.66,51.72,7.54,1.29
25.63,14.5,51.47,7.14,1.26
24.89,14.38,51.93,7.51,1.29
24.84,14.47,51.84,7.56,1.3
24.84,14.56,51.82,7.49,1.28
24.89,14.47,51.91,7.45,1.28
26.93,11.49,54.04,7.18,0.36
26.91,11.82,53.64,7.27,0.36
25.48,12.93,54.44,7.14,0.0
25.2,12.4,55.12,7.28,0.0
25.3,12.96,54.45,7.29,0.0
25.36,14.35,51.98,7.07,1.25
26.36,12.18,51.27,10.18,0.0
26.34,11.65,55.02,6.99,0.0
25.32,11.84,55.92,6.74,0.18
26.21,12.9,52.22,8.06,0.6
26.15,13.65,51.15,8.08,0.96
26.49,12.5,51.12,9.7,0.19
25.79,12.8,53.15,7.09,1.18
26.29,12.19,54.86,6.48,0.19
25.28,12.27,55.95,6.51,0.0
25.14,11.83,56.19,6.65,0.18
27.15,11.06,53.98,7.8,0.0
25.39,10.43,55.13,9.04,0.0
25.77,11.43,54.44,8.02,0.34
26.84,10.6,54.53,8.03,0.0
26.75,10.56,54.34,8.35,0.0
25.41,12.61,53.56,8.04,0.37
25.56,13.33,53.15,7.59,0.37
25.95,12.52,53.54,7.8,0.18
25.72,12.41,53.6,8.27,0.0
25.91,11.52,55.85,6.72,0.0
25.52,11.34,56.52,6.62,0.0
25.05,14.12,53.48,6.76,0.6
26.64,12.74,53.47,6.18,0.97
25.29,12.07,52.49,9.2,0.96
24.03,13.03,52.55,9.37,1.02
25.98,11.96,51.96,9.16,0.93
27.96,11.83,51.43,7.71,1.08
26.93,12.03,52.06,7.9,1.08
27.47,11.85,51.89,7.72,1.08
27.39,11.89,51.71,7.75,1.26
27.21,11.44,51.82,8.49,1.04
25.15,12.57,54.89,7.39,0.0
25.3,13.55,51.39,8.37,1.39
24.3,14.84,52.47,7.53,0.86
26.4,13.29,53.95,6.36,0.0
25.56,11.85,55.37,7.04,0.19
25.52,12.48,54.82,6.99,0.19
25.65,12.73,54.43,7.01,0.18
26.23,13.58,51.7,8.3,0.19
24.25,13.16,54.89,6.77,0.94
25.63,12.09,54.33,7.4,0.54
25.45,14.43,51.9,7.82,0.4
25.44,13.4,53.01,6.99,1.17
27.36,14.05,50.28,7.39,0.92
27.51,13.94,50.37,7.25,0.93
26.96,12.32,51.79,7.86,1.07
27.07,12.69,49.41,10.83,0.0
26.23,12.39,53.19,8.2,0.0
28.03,12.46,52.25,7.27,0.0
25.24,13.0,54.11,7.07,0.57
25.19,12.69,54.36,7.01,0.76
26.39,11.9,54.46,6.88,0.37
25.71,12.29,54.63,6.99,0.38
25.19,12.31,55.11,7.01,0.38
25.82,14.73,50.73,8.18,0.55
24.91,12.55,55.27,6.91,0.36
26.34,14.12,51.53,6.87,1.15
26.64,12.28,54.33,6.57,0.17
26.06,13.13,52.51,7.14,1.16
25.82,12.64,54.03,7.14,0.37
25.83,13.89,52.64,6.46,1.17
25.83,13.5,52.84,6.65,1.17
25.83,13.89,52.64,6.46,1.17
25.44,13.7,52.84,6.85,1.17
25.53,13.15,53.19,6.96,1.16
25.49,13.23,53.11,7.0,1.17
25.44,13.4,53.01,6.99,1.17
25.57,13.55,52.86,6.87,1.15
25.53,13.24,52.98,7.1,1.15
25.63,13.1,52.99,7.13,1.16
25.67,13.03,52.87,7.28,1.15
25.58,13.27,52.88,7.12,1.15
26.67,10.24,54.15,8.46,0.49
24.77,12.38,54.34,8.13,0.37
26.33,11.7,54.66,7.13,0.18
24.86,12.62,55.1,6.86,0.56
25.98,14.85,50.72,7.22,1.24
25.76,14.4,51.32,7.3,1.22
26.18,14.37,51.18,7.09,1.18
24.84,14.32,53.68,6.53,0.63
24.86,13.38,53.54,7.07,1.15
27.47,12.64,51.28,7.51,1.1
24.77,12.95,54.41,7.5,0.38
25.6,14.11,52.62,6.45,1.21
27.16,10.53,53.99,8.32,0.0
27.26,11.97,52.3,8.29,0.18
26.71,11.37,53.97,7.58,0.36
27.05,11.69,53.93,7.33,0.0
26.98,11.51,53.95,7.39,0.17
25.41,12.8,55.03,6.58,0.18
26.09,11.48,53.04,8.52,0.87
27.67,10.06,54.72,7.55,0.0
26.81,13.04,52.17,6.88,1.09
26.81,13.04,52.17,6.88,1.09
26.12,11.7,54.17,8.01,0.0
27.04,11.96,53.21,7.63,0.17
25.65,12.36,53.69,7.93,0.37
25.54,13.86,51.59,8.85,0.17
26.64,11.64,52.28,8.43,1.01
25.09,12.82,53.85,7.69,0.55
25.95,12.88,54.36,6.63,0.19
25.86,12.84,52.49,8.62,0.19
26.69,11.96,51.82,9.53,0.0
25.42,12.54,54.07,7.97,0.0
25.39,13.09,51.95,8.2,1.37
24.87,13.47,52.33,9.33,0.0
26.06,13.3,53.19,7.45,0.0
27.32,13.92,51.55,7.22,0.0
27.04,11.73,54.08,7.14,0.0
27.14,13.33,50.95,8.1,0.48
25.12,12.56,53.62,8.21,0.48
28.18,12.71,51.93,7.18,0.0
27.36,13.93,51.74,6.97,0.0
27.32,12.2,52.2,8.29,0.0
28.92,12.25,51.96,6.86,0.0
28.11,11.06,53.0,6.45,1.38
26.42,12.44,52.85,8.29,0.0
26.56,12.5,53.12,7.29,0.52
27.94,12.75,51.47,7.35,0.49
25.12,13.95,53.49,6.98,0.47
26.9,12.18,52.28,8.63,0.0
25.55,11.01,56.83,6.61,0.0
23.94,13.83,54.26,7.45,0.53
27.09,11.82,52.22,8.87,0.0
29.55,10.91,51.82,7.73,0.0
28.96,12.22,52.04,5.88,0.9
25.25,13.13,55.56,6.06,0.0
28.51,12.72,51.32,7.46,0.0
26.82,13.64,52.73,6.36,0.45
28.3,12.26,53.3,6.13,0.0
29.18,12.02,52.36,6.44,0.0
26.39,13.89,53.7,5.56,0.46
25.1,10.46,56.07,8.37,0.0
27.31,11.57,54.17,6.94,0.0
24.06,17.11,50.8,8.02,0.0
27.27,13.42,51.08,8.23,0.0
29.34,11.98,51.65,7.02,0.0
25.31,11.02,55.1,8.57,0.0
30.67,14.22,48.44,6.22,0.44
28.57,13.33,50.48,6.67,0.95
26.51,14.42,52.09,6.51,0.47
24.55,13.64,54.09,7.73,0.0
24.37,13.71,54.31,7.61,0.0
27.66,11.49,51.49,8.51,0.85
28.26,12.17,51.74,7.83,0.0
24.49,16.33,51.53,7.65,0.0
25.76,11.35,57.21,5.68,0.0
24.38,17.41,50.25,7.46,0.5
26.41,12.55,53.68,7.36,0.0
26.11,12.81,53.69,7.39,0.0
26.81,11.91,55.74,5.53,0.0
28.64,13.18,50.45,6.82,0.91
27.56,12.89,52.89,6.67,0.0
26.34,10.29,55.14,8.23,0.0
25.37,13.17,55.61,5.85,0.0
25.13,14.36,52.82,7.69,0.0
27.56,13.78,50.22,8.0,0.44
27.35,13.9,52.02,6.28,0.45
25.98,14.71,51.96,6.86,0.49
24.76,14.29,54.29,6.67,0.0
25.66,11.95,54.42,7.52,0.44
27.6,15.62,49.48,7.29,0.0
24.75,13.64,55.05,6.57,0.0
26.22,16.0,50.22,7.56,0.0
24.64,13.27,54.5,7.11,0.47
25.78,11.11,57.33,5.78,0.0
29.36,11.06,51.49,8.09,0.0
25.37,13.17,55.61,5.85,0.0
24.67,11.01,55.07,8.37,0.88
26.48,13.24,54.34,5.94,0.0
25.31,12.45,55.19,7.05,0.0
28.52,10.55,55.47,5.47,0.0
27.31,10.44,56.22,5.62,0.4
26.21,11.69,56.05,6.05,0.0
27.76,13.47,51.84,6.94,0.0
23.44,16.67,50.52,8.85,0.52
25.58,17.67,50.23,6.51,0.0
26.09,16.91,49.76,7.25,0.0
27.52,13.95,51.55,6.98,0.0
26.77,11.42,53.54,7.48,0.79
26.38,14.89,51.91,6.81,0.0
26.21,14.92,52.42,6.45,0.0
28.24,12.55,51.37,7.84,0.0
28.39,14.83,49.15,7.63,0.0
27.09,10.76,55.78,6.37,0.0
26.24,11.03,54.75,7.98,0.0
27.94,12.15,53.85,6.07,0.0
27.15,13.12,52.04,7.69,0.0
27.8,13.9,49.33,8.07,0.9
28.57,10.32,55.56,5.56,0.0
28.33,14.58,50.0,7.08,0.0
26.74,10.62,53.85,8.79,0.0
24.22,13.67,51.95,9.77,0.39
26.32,11.34,56.28,6.07,0.0
28.16,13.06,51.84,6.94,0.0
28.08,10.38,55.77,5.77,0.0
27.31,10.84,56.22,5.62,0.0
27.75,13.22,51.98,7.05,0.0
28.03,9.85,56.06,6.06,0.0
30.22,11.19,52.24,5.97,0.37
28.46,10.77,55.38,5.38,0.0
30.07,10.14,52.9,6.88,0.0
25.74,13.86,49.5,10.89,0.0
28.69,13.55,51.0,6.77,0.0
25.58,18.6,47.44,8.37,0.0
27.0,12.24,54.01,6.33,0.42
27.35,13.25,53.42,5.98,0.0
26.61,15.45,51.5,6.01,0.43
24.64,14.69,53.08,6.64,0.95
28.22,13.69,51.45,6.64,0.0
27.38,10.71,56.35,5.56,0.0
26.99,11.95,52.65,8.41,0.0
28.33,12.08,52.5,7.08,0.0
25.44,14.91,53.07,6.58,0.0
29.11,13.5,51.05,6.33,0.0
29.96,13.77,49.8,6.48,0.0
27.2,11.11,53.64,8.05,0.0
28.52,10.55,55.47,5.47,0.0
26.4,12.0,55.6,6.0,0.0
30.12,11.97,51.74,6.18,0.0
27.2,11.2,52.0,9.2,0.4
25.76,14.41,52.84,6.11,0.87
27.38,10.71,56.35,5.56,0.0
25.47,16.04,50.94,7.55,0.0
25.0,12.96,55.56,6.48,0.0
27.9,12.02,52.79,7.3,0.0
28.41,10.23,55.68,5.68,0.0
26.1,10.84,57.03,5.62,0.4
26.89,12.61,52.52,7.98,0.0
28.4,11.52,54.32,5.76,0.0
30.27,12.26,51.34,6.13,0.0
25.44,14.04,53.07,7.46,0.0
28.46,10.77,55.38,5.38,0.0
24.66,13.0,54.71,7.17,0.45
26.97,12.36,52.43,7.87,0.37
27.21,11.76,53.68,6.99,0.37
27.86,11.45,50.38,9.92,0.38
27.95,12.2,53.94,5.91,0.0
26.19,13.89,52.38,7.54,0.0
26.62,11.41,54.75,6.84,0.38
26.77,11.42,52.36,9.06,0.39
25.33,13.1,55.02,6.11,0.44
28.19,13.51,51.35,6.95,0.0
30.22,11.57,51.87,5.97,0.37
27.63,14.4,51.36,6.61,0.0
22.95,17.49,51.91,7.1,0.55
26.88,12.25,54.94,5.93,0.0
25.66,14.6,51.77,7.52,0.44
28.16,11.55,52.71,7.58,0.0
29.57,11.67,51.75,6.61,0.39
29.92,10.23,53.41,6.44,0.0
27.31,10.84,56.22,5.62,0.0
27.71,13.42,51.95,6.93,0.0
28.41,12.12,51.89,7.58,0.0
27.31,9.96,56.46,6.27,0.0
28.84,10.86,52.06,8.24,0.0
28.33,14.59,50.21,6.87,0.0
25.75,14.16,54.08,6.01,0.0
24.77,15.42,53.74,6.07,0.0
26.01,14.35,52.02,7.62,0.0
26.42,11.32,53.58,8.68,0.0
28.51,14.48,49.32,6.79,0.9
28.4,10.89,55.25,5.45,0.0
26.34,12.95,53.12,7.59,0.0
27.42,10.48,56.45,5.65,0.0
27.24,11.83,53.05,7.89,0.0
27.76,11.02,55.92,5.31,0.0
28.57,14.29,50.0,7.14,0.0
28.18,12.73,50.45,8.18,0.45
28.69,12.3,49.59,9.02,0.41
27.69,11.57,54.55,5.79,0.41
27.31,13.89,51.85,6.94,0.0
24.23,18.04,51.03,6.7,0.0
27.01,11.68,53.28,7.66,0.36
29.12,10.34,54.79,5.75,0.0
24.42,18.43,49.77,7.37,0.0
26.94,13.24,52.51,7.31,0.0
27.39,11.74,52.61,8.26,0.0
28.51,14.47,50.21,6.81,0.0
28.99,13.03,50.42,7.56,0.0
30.42,11.41,51.71,6.08,0.38
24.78,13.04,54.78,6.96,0.43
27.42,12.5,53.63,6.45,0.0
29.27,14.23,51.22,5.28,0.0
26.78,13.39,53.14,6.69,0.0
25.47,14.15,53.3,7.08,0.0
25.52,11.72,56.9,5.86,0.0
27.16,15.52,49.14,8.19,0.0
30.38,11.92,50.77,6.92,0.0
25.0,12.29,55.51,7.2,0.0
28.97,10.71,54.37,5.95,0.0
25.1,13.81,53.56,7.53,0.0
27.27,15.29,50.0,7.44,0.0
26.55,10.55,54.18,8.73,0.0
26.8,12.4,54.8,6.0,0.0
27.49,10.36,56.57,5.58,0.0
27.38,10.71,56.35,5.56,0.0
28.02,15.09,50.43,6.03,0.43
28.09,14.89,50.64,5.96,0.43
28.27,14.77,50.21,6.75,0.0
27.47,11.59,52.79,8.15,0.0
26.84,12.55,52.81,7.79,0.0
25.64,14.53,53.42,6.41,0.0
24.51,13.73,52.94,8.33,0.49
27.83,12.61,51.74,7.83,0.0
24.4,18.18,49.28,8.13,0.0
27.4,9.96,56.94,5.69,0.0
26.59,12.7,52.78,7.94,0.0
25.81,10.39,57.35,6.45,0.0
27.11,13.92,52.38,6.59,0.0
25.28,16.98,50.19,7.17,0.38
27.37,12.04,54.38,5.47,0.73
25.93,12.35,53.91,7.82,0.0
25.09,12.01,53.0,9.54,0.35
25.2,15.2,52.8,6.4,0.4
26.91,12.45,52.21,8.43,0.0
25.39,11.33,55.86,7.42,0.0
29.31,11.38,52.07,7.24,0.0
24.79,17.95,50.0,7.26,0.0
29.74,12.64,51.67,5.58,0.37
27.53,13.36,52.23,6.88,0.0
25.46,10.7,56.83,6.64,0.37
31.21,11.35,50.71,6.38,0.35
26.64,14.75,52.46,6.15,0.0
26.79,13.39,52.23,7.59,0.0
27.68,11.76,53.29,6.57,0.69
23.08,15.38,51.44,7.21,2.88
26.18,11.27,52.73,8.36,1.45
26.8,10.31,56.36,6.53,0.0
24.84,9.15,54.25,11.76,0.0
26.54,11.54,55.38,6.15,0.38
26.75,13.99,50.21,9.05,0.0
25.1,16.46,52.26,6.17,0.0
27.08,13.75,50.83,8.33,0.0
25.37,13.06,51.87,9.7,0.0
25.82,11.64,53.09,9.45,0.0
26.69,15.25,50.85,7.2,0.0
26.88,11.11,55.2,6.81,0.0
26.97,12.73,53.56,6.74,0.0
25.94,13.53,52.63,7.89,0.0
27.95,12.99,51.57,7.48,0.0
27.05,11.03,55.16,6.41,0.36
25.26,11.42,53.98,9.0,0.35
23.56,14.67,52.89,8.44,0.44
26.82,13.03,52.11,8.05,0.0
27.89,13.15,51.39,7.17,0.4
29.03,11.47,51.61,7.89,0.0
27.71,12.05,52.21,8.03,0.0
26.94,15.5,50.18,7.38,0.0
29.23,12.69,52.31,5.77,0.0
27.4,12.1,52.67,7.83,0.0
25.21,15.13,52.52,6.72,0.42
25.33,15.28,51.53,7.86,0.0
28.4,14.79,48.64,7.78,0.39
27.01,11.31,55.11,6.57,0.0
26.84,11.76,54.41,6.99,0.0
28.29,12.79,51.55,6.98,0.39
24.36,13.68,54.27,7.26,0.43
26.06,10.56,54.93,8.45,0.0
26.72,13.74,51.91,7.25,0.38
26.02,14.63,51.63,7.72,0.0
29.12,12.26,50.96,6.9,0.77
24.9,14.4,53.31,7.39,0.0
26.55,11.27,55.27,6.55,0.36
27.08,11.46,54.86,6.6,0.0
27.76,14.29,51.43,6.53,0.0
26.56,14.52,51.04,7.88,0.0
27.08,12.64,51.62,8.3,0.36
27.3,11.35,54.26,7.09,0.0
26.26,14.75,52.16,6.83,0.0
23.7,13.74,53.55,8.06,0.95
25.91,11.63,55.81,6.64,0.0
26.12,13.06,52.99,7.84,0.0
27.99,11.6,51.88,7.85,0.68
24.9,16.18,51.04,7.88,0.0
26.8,13.75,51.55,7.9,0.0
25.49,14.9,52.16,7.45,0.0
27.92,11.69,51.62,8.77,0.0
29.55,12.01,51.95,6.49,0.0
25.09,12.73,53.18,7.49,1.5
26.34,14.12,52.29,7.25,0.0
28.26,17.39,47.46,6.88,0.0
28.37,12.8,51.56,7.27,0.0
26.35,15.52,50.54,7.58,0.0
24.8,16.4,50.0,8.8,0.0
26.62,15.21,51.71,6.46,0.0
26.8,13.4,52.94,6.86,0.0
24.42,13.18,54.65,7.36,0.39
28.42,12.98,50.53,7.72,0.35
25.27,14.29,50.55,9.52,0.37
28.52,14.44,50.18,6.86,0.0
26.87,15.67,51.49,5.6,0.37
25.37,14.55,53.36,6.34,0.37
26.62,15.47,50.72,7.19,0.0
25.42,16.25,50.83,7.5,0.0
24.9,12.65,55.92,6.12,0.41
24.91,12.64,55.39,7.06,0.0
26.21,12.5,55.24,6.05,0.0
26.24,14.45,52.09,7.22,0.0
30.2,11.74,50.0,8.05,0.0
26.4,10.89,55.45,6.93,0.33
28.37,13.84,50.87,6.57,0.35
27.74,15.69,50.73,5.84,0.0
26.45,14.13,51.45,7.97,0.0
24.83,12.76,52.41,9.66,0.34
24.82,13.14,54.74,6.57,0.73
27.07,14.66,51.13,6.77,0.38
25.0,14.39,54.17,6.44,0.0
26.2,13.65,51.66,8.12,0.37
28.71,11.55,51.16,7.92,0.66
24.62,14.23,53.08,7.69,0.38
29.47,12.98,49.82,7.72,0.0
24.7,15.54,52.99,6.77,0.0
27.22,11.39,54.43,6.65,0.32
27.24,11.72,52.41,8.62,0.0
26.33,14.95,50.53,7.83,0.36
27.06,13.2,52.81,6.93,0.0
26.37,11.99,55.48,6.16,0.0
26.56,12.13,53.11,8.2,0.0
25.37,15.07,51.84,7.72,0.0
27.03,14.53,51.35,7.09,0.0
25.47,16.1,51.31,7.12,0.0
27.05,16.37,49.82,6.76,0.0
27.66,14.89,50.71,6.74,0.0
28.26,11.18,49.38,10.87,0.31
25.94,12.63,53.92,7.51,0.0
27.85,16.44,48.32,7.38,0.0
26.4,13.53,52.81,7.26,0.0
29.0,11.67,53.33,5.67,0.33
26.3,12.11,55.36,6.23,0.0
27.8,13.56,50.85,7.8,0.0
26.62,14.39,51.08,7.55,0.36
25.54,15.47,51.8,7.19,0.0
25.45,15.64,51.64,7.27,0.0
26.37,11.99,55.48,6.16,0.0
26.54,14.23,50.77,8.08,0.38
25.27,13.92,52.38,8.42,0.0
28.22,17.42,47.74,6.27,0.35
25.0,13.89,53.82,6.6,0.69
26.49,16.04,50.37,6.72,0.37
26.16,12.9,54.12,6.81,0.0
27.24,12.07,54.48,6.21,0.0
24.08,14.69,53.47,7.76,0.0
26.3,12.11,55.36,6.23,0.0
25.99,13.0,54.15,6.86,0.0
25.86,12.07,54.83,7.24,0.0
25.46,14.76,52.4,7.38,0.0
24.65,13.89,53.82,7.29,0.35
26.15,9.85,54.46,9.54,0.0
29.45,12.94,50.16,7.44,0.0
28.01,12.38,48.86,10.42,0.33
26.75,11.25,53.8,7.9,0.3
25.42,12.37,54.85,7.36,0.0
25.08,13.38,53.51,8.03,0.0
26.32,13.49,53.62,6.58,0.0
26.8,13.75,52.92,6.19,0.34
25.18,14.18,53.55,6.74,0.35
25.54,13.31,53.6,7.19,0.36
26.3,12.11,55.36,6.23,0.0
26.3,12.11,55.36,6.23,0.0
25.43,12.03,52.23,10.31,0.0
25.2,16.54,50.79,7.48,0.0
26.85,14.09,52.01,6.71,0.34
25.54,12.62,53.54,8.31,0.0
27.87,13.24,51.57,7.32,0.0
24.5,16.47,50.2,7.23,1.61
27.01,11.9,54.34,6.11,0.64
26.69,13.85,51.69,7.43,0.34
26.11,10.98,56.08,6.82,0.0
28.14,12.57,52.99,6.29,0.0
27.53,13.29,52.53,6.65,0.0
26.57,14.69,50.7,7.69,0.35
25.7,11.76,55.73,6.81,0.0
24.66,15.07,53.08,7.19,0.0
26.57,11.64,54.93,6.87,0.0
27.15,13.58,53.64,5.63,0.0
26.6,14.54,50.71,7.8,0.35
26.82,13.58,51.32,7.95,0.33
26.86,11.65,53.07,7.77,0.65
26.78,13.56,51.53,7.8,0.34
24.91,16.01,51.6,6.76,0.71
27.41,10.84,53.01,8.73,0.0
26.69,13.51,51.69,7.43,0.68
26.51,13.76,51.68,7.72,0.34
26.69,13.85,51.35,7.77,0.34
27.14,14.16,51.62,6.49,0.59
26.38,14.33,52.77,6.51,0.0
26.5,14.84,50.88,7.42,0.35
26.65,12.32,53.01,8.02,0.0
25.71,13.93,53.21,6.79,0.36
27.83,13.27,51.46,7.12,0.32
30.0,13.33,49.33,7.33,0.0
25.68,14.73,52.05,7.53,0.0
27.76,12.3,53.0,6.94,0.0
25.86,11.21,56.39,5.92,0.62
25.99,11.31,55.05,6.73,0.92
26.64,13.84,51.56,7.61,0.35
25.23,14.02,53.27,7.17,0.31
29.36,10.76,52.33,6.69,0.87
24.79,11.68,54.99,8.26,0.28
28.09,13.27,51.85,6.79,0.0
25.16,11.95,55.66,7.23,0.0
26.05,10.78,56.29,6.59,0.3
26.95,14.89,51.42,6.74,0.0
25.55,11.99,55.52,6.94,0.0
27.42,11.94,54.84,5.81,0.0
24.74,15.81,51.89,7.22,0.34
26.58,12.03,54.75,6.65,0.0
26.32,11.76,55.42,6.5,0.0
26.71,13.7,51.71,7.53,0.34
26.67,13.68,51.58,7.72,0.35
25.42,14.92,52.88,6.78,0.0
26.64,14.19,51.56,7.61,0.0
26.51,10.84,56.02,6.02,0.6
26.14,12.42,54.9,6.54,0.0
26.47,12.09,54.58,6.86,0.0
27.66,13.07,50.15,8.51,0.61
26.16,12.25,54.3,7.28,0.0
26.23,11.11,54.63,7.1,0.93
26.4,11.52,52.81,8.99,0.28
26.76,13.71,51.51,7.69,0.33
26.15,11.69,52.31,9.85,0.0
26.95,12.01,53.57,7.47,0.0
26.53,15.65,50.68,6.8,0.34
23.62,16.61,52.03,7.75,0.0
26.2,14.06,53.04,6.39,0.32
26.37,14.29,50.92,8.06,0.37
24.79,11.83,54.93,8.17,0.28
25.67,13.0,52.0,8.67,0.67
27.59,14.08,51.72,6.61,0.0
24.91,15.22,52.6,6.92,0.35
25.42,15.59,52.2,6.78,0.0
27.18,13.09,51.68,7.72,0.34
26.26,14.75,51.08,7.55,0.36
27.33,11.05,52.91,8.72,0.0
27.38,11.38,54.46,5.85,0.92
26.98,12.06,52.7,7.62,0.63
27.35,9.94,52.21,9.39,1.1
26.28,14.6,51.09,7.66,0.36
26.78,13.9,51.19,7.46,0.68
29.47,14.42,49.22,6.27,0.63
27.78,10.53,55.26,6.43,0.0
25.57,13.92,53.07,7.12,0.32
25.4,12.7,53.02,7.94,0.95
27.16,13.27,52.78,6.48,0.31
26.32,12.38,55.11,6.19,0.0
26.76,10.88,56.18,6.18,0.0
26.33,14.11,53.29,6.27,0.0
26.41,13.06,53.71,6.82,0.0
26.16,12.79,52.62,8.43,0.0
28.53,11.14,54.08,6.25,0.0
27.86,13.62,51.08,6.81,0.62
24.92,13.4,53.89,7.17,0.62
25.32,14.24,53.8,6.33,0.32
28.7,12.72,51.78,6.8,0.0
27.45,12.23,52.99,7.34,0.0
28.33,13.33,51.67,6.39,0.28
25.38,13.76,53.82,6.73,0.31
27.78,13.58,51.23,7.41,0.0
26.6,14.81,52.19,6.4,0.0
27.12,12.99,52.82,7.06,0.0
25.76,16.61,50.51,7.12,0.0
24.54,14.65,53.11,7.69,0.0
25.45,13.64,53.94,6.67,0.3
26.16,13.66,53.78,6.4,0.0
25.66,14.8,51.97,7.57,0.0
28.49,13.66,50.87,6.69,0.29
27.97,12.99,50.56,8.19,0.28
26.14,12.5,53.69,7.67,0.0
28.45,11.55,52.39,7.04,0.56
26.73,12.91,53.75,6.61,0.0
26.07,12.58,54.91,6.44,0.0
25.67,15.67,51.33,7.33,0.0
26.91,12.54,54.13,6.42,0.0
25.75,11.38,56.59,6.29,0.0
27.48,12.75,52.41,7.37,0.0
26.85,13.89,51.54,7.41,0.31
27.0,14.0,51.67,7.33,0.0
27.79,10.35,56.13,5.18,0.54
27.05,12.57,53.55,6.83,0.0
27.22,13.29,52.85,6.65,0.0
25.0,12.2,55.06,7.44,0.3
30.67,13.07,50.13,6.13,0.0
26.74,10.31,55.71,6.69,0.56
27.76,12.75,51.84,7.37,0.28
25.4,13.83,53.05,7.72,0.0
26.75,13.37,53.19,6.69,0.0
27.91,9.82,51.94,9.3,1.03
26.32,12.38,55.11,6.19,0.0
24.59,15.57,49.18,10.66,0.0
27.76,9.77,51.67,9.77,1.03
26.83,11.59,53.35,7.93,0.3
25.84,14.77,51.68,6.71,1.01
26.13,14.63,51.22,7.67,0.35
26.71,15.53,50.62,7.14,0.0
25.63,17.72,49.68,6.96,0.0
28.97,11.98,52.92,6.13,0.0
26.79,12.77,52.34,8.1,0.0
27.12,14.41,51.41,7.06,0.0
28.01,14.98,50.81,6.19,0.0
26.47,14.71,52.35,6.18,0.29
25.95,13.99,52.77,7.29,0.0
27.4,12.15,53.95,6.5,0.0
27.09,13.26,53.03,6.63,0.0
26.07,14.64,51.07,7.86,0.36
28.97,12.53,52.09,6.41,0.0
25.72,11.85,54.34,7.51,0.58
27.37,11.45,55.03,5.87,0.28
26.19,14.29,52.98,6.55,0.0
27.99,13.21,51.57,7.23,0.0
27.3,13.19,51.23,7.36,0.92
29.05,13.76,50.76,6.12,0.31
25.17,16.56,50.99,7.28,0.0
27.79,12.03,53.01,7.16,0.0
25.28,11.8,55.9,7.02,0.0
27.91,12.5,52.33,6.98,0.29
25.98,13.9,51.66,7.55,0.91
27.7,12.83,52.48,7.0,0.0
26.39,11.44,55.72,6.45,0.0
26.72,15.15,50.41,7.71,0.0
25.81,12.02,54.84,7.33,0.0
25.17,16.21,51.03,7.59,0.0
25.43,11.43,52.29,9.14,1.71
29.44,13.0,50.93,6.63,0.0
23.94,11.22,53.87,10.47,0.5
27.46,12.84,53.43,6.27,0.0
27.96,11.83,53.23,6.72,0.27
28.17,11.55,52.96,7.32,0.0
27.2,13.46,53.3,6.04,0.0
28.03,12.43,52.6,6.94,0.0
26.67,11.3,54.78,7.25,0.0
26.72,11.11,55.03,7.14,0.0
27.2,12.36,53.02,6.87,0.55
26.97,13.94,51.21,6.97,0.91
25.81,12.02,54.84,7.33,0.0
27.57,15.41,49.73,7.3,0.0
25.6,14.76,50.6,9.04,0.0
27.09,11.73,54.75,6.15,0.28
24.83,15.23,52.98,6.62,0.33
27.36,14.15,51.57,6.92,0.0
28.33,10.71,52.38,8.33,0.24
27.75,14.29,51.37,6.59,0.0
27.35,11.68,53.56,7.41,0.0
28.03,12.43,52.6,6.94,0.0
27.37,10.49,56.01,5.63,0.51
24.55,13.77,53.89,7.78,0.0
26.85,12.6,53.7,6.58,0.27
27.07,11.4,54.7,6.84,0.0
25.82,12.46,54.6,7.12,0.0
25.08,16.61,50.85,7.46,0.0
27.0,14.05,51.79,7.16,0.0
25.25,16.84,50.51,7.41,0.0
25.28,11.65,55.97,7.1,0.0
27.76,11.61,53.54,7.08,0.0
25.96,14.16,52.21,7.67,0.0
27.87,12.36,52.87,6.9,0.0
26.65,12.03,55.01,6.3,0.0
25.63,16.06,50.99,7.32,0.0
26.16,12.81,53.13,7.9,0.0
26.58,12.6,52.6,8.22,0.0
26.73,12.61,53.15,7.51,0.0
26.8,12.1,53.6,7.49,0.0
25.15,13.5,52.76,8.59,0.0
26.42,11.65,55.68,6.25,0.0
25.66,16.52,51.03,6.78,0.0
27.69,10.51,55.38,5.9,0.51
25.5,16.23,50.99,7.28,0.0
26.33,13.79,52.66,6.9,0.31
24.85,15.09,53.25,6.51,0.3
26.1,13.78,52.2,7.62,0.29
26.01,13.87,52.31,7.51,0.29
26.23,14.51,51.23,7.1,0.93
27.03,12.5,53.78,6.69,0.0
26.01,13.87,52.6,7.23,0.29
28.84,13.21,49.87,7.55,0.54
25.61,15.26,51.23,7.9,0.0
26.45,16.25,50.41,6.89,0.0
26.14,15.06,50.85,7.95,0.0
24.32,13.07,55.02,6.99,0.61
24.4,13.69,52.08,9.23,0.6
26.28,11.48,54.85,7.4,0.0
25.91,13.65,54.04,6.41,0.0
25.75,12.88,53.7,7.4,0.27
26.32,12.47,54.29,6.93,0.0
26.4,13.76,52.81,7.02,0.0
25.36,13.7,53.64,7.29,0.0
28.18,13.81,52.49,5.52,0.0
27.03,11.79,54.05,6.88,0.25
25.99,11.67,54.11,7.96,0.27
26.06,13.31,54.67,5.95,0.0
25.77,14.01,52.1,7.56,0.56
26.59,13.57,53.46,5.82,0.55
24.86,12.57,53.91,8.1,0.56
27.03,12.04,52.58,8.11,0.25
26.08,13.44,54.3,6.18,0.0
25.94,12.03,52.41,9.36,0.27
25.83,13.61,53.33,6.67,0.56
25.88,12.65,54.12,7.06,0.29
26.68,13.75,52.29,7.28,0.0
26.96,13.35,52.88,6.81,0.0
25.27,14.29,52.2,8.24,0.0
24.66,13.4,53.62,7.51,0.8
25.14,13.97,52.51,8.1,0.28
27.65,11.85,52.35,8.15,0.0
26.65,17.19,49.0,6.3,0.86
27.49,14.02,52.56,5.93,0.0
26.18,11.72,53.87,8.23,0.0
25.84,11.37,55.3,7.24,0.26
26.58,14.47,51.58,7.37,0.0
29.15,12.56,50.71,7.58,0.0
26.54,15.55,50.94,6.97,0.0
27.55,13.78,52.04,6.63,0.0
25.36,14.41,52.74,7.49,0.0
28.12,13.26,51.99,6.37,0.27
26.04,14.68,50.97,8.03,0.28
24.61,12.57,54.19,7.59,1.05
25.62,12.95,54.82,6.61,0.0
26.11,13.65,53.12,7.12,0.0
25.27,13.86,51.9,8.97,0.0
25.81,13.17,53.76,6.99,0.27
26.2,13.24,53.8,6.2,0.56
24.71,14.53,53.2,7.27,0.29
26.82,13.97,52.79,6.42,0.0
27.5,13.89,51.94,6.67,0.0
26.85,12.28,52.69,8.18,0.0
27.13,12.4,54.78,5.43,0.26
27.11,13.16,51.84,7.89,0.0
24.86,12.99,54.24,7.91,0.0
26.85,13.42,53.15,6.3,0.27
26.23,14.21,50.0,9.02,0.55
24.93,13.88,53.82,6.8,0.57
26.22,13.24,52.43,8.11,0.0
24.6,12.83,53.48,9.09,0.0
29.32,14.4,50.0,6.28,0.0
25.97,13.51,52.21,8.31,0.0
25.42,13.84,53.67,6.5,0.56
26.78,11.2,54.92,6.28,0.82
26.92,11.3,54.09,7.21,0.48
27.17,13.59,52.17,6.79,0.27
27.95,10.51,55.13,5.9,0.51
27.73,13.6,52.27,6.4,0.0
27.64,13.28,52.57,6.5,0.0
29.0,13.0,50.25,7.25,0.5
26.94,12.5,53.06,7.5,0.0
25.79,13.68,54.21,6.32,0.0
26.26,12.37,53.54,7.83,0.0
27.94,10.54,56.37,4.9,0.25
27.49,13.87,52.36,6.28,0.0
27.06,13.0,52.79,7.16,0.0
25.54,14.13,52.45,7.88,0.0
25.44,14.91,52.63,6.73,0.29
26.53,10.97,56.38,5.87,0.26
25.14,14.53,54.19,6.15,0.0
25.19,13.51,53.25,7.53,0.52
24.62,13.81,54.05,7.21,0.3
26.61,12.9,52.15,8.33,0.0
27.84,11.6,54.38,6.19,0.0
26.7,12.04,53.93,7.33,0.0
28.04,12.43,51.85,7.67,0.0
25.6,14.58,52.98,6.85,0.0
25.5,12.61,55.3,6.59,0.0
27.59,13.26,51.72,7.16,0.27
27.4,14.25,52.33,6.03,0.0
24.32,12.97,53.51,9.19,0.0
26.29,13.01,53.39,7.05,0.27
27.17,13.45,51.26,7.56,0.56
27.3,14.21,50.7,7.8,0.0
27.75,13.19,52.75,6.32,0.0
28.06,14.17,49.44,8.06,0.28
27.09,14.53,52.23,6.15,0.0
25.78,11.46,55.47,7.03,0.26
25.52,15.43,52.82,6.23,0.0
25.88,14.12,53.53,6.47,0.0
25.94,14.41,52.45,7.2,0.0
26.67,10.77,55.9,6.15,0.51
28.79,11.21,52.09,7.91,0.0
26.03,11.86,55.67,6.44,0.0
27.32,14.15,51.71,6.83,0.0
26.07,15.04,50.63,8.27,0.0
26.04,13.28,52.86,7.55,0.26
26.3,14.39,51.12,8.19,0.0
26.34,15.12,50.73,7.8,0.0
24.42,14.14,53.21,7.97,0.26
25.41,11.75,56.56,6.28,0.0
25.99,13.28,53.95,6.21,0.56
25.28,14.17,51.11,7.78,1.67
28.4,12.89,51.79,6.92,0.0
25.63,15.04,52.37,6.13,0.84
25.48,11.78,55.34,6.58,0.82
26.91,11.11,55.56,6.17,0.25
24.73,12.09,56.04,6.59,0.55
27.66,13.45,51.52,7.11,0.25
26.33,15.43,50.53,7.71,0.0
26.16,11.98,54.03,7.82,0.0
26.4,13.07,53.6,6.67,0.27
25.18,12.96,54.52,7.09,0.24
27.13,14.21,50.39,8.01,0.26
26.17,14.05,53.44,5.79,0.55
27.64,13.11,51.28,6.84,1.14
26.51,11.86,53.49,8.14,0.0
25.85,14.15,52.44,7.32,0.24
25.6,15.73,51.2,7.47,0.0
26.48,12.29,52.96,8.27,0.0
26.11,12.56,51.97,8.62,0.74
26.27,14.12,53.67,5.93,0.0
27.61,11.8,53.62,6.97,0.0
26.25,14.5,51.0,8.25,0.0
24.18,14.13,54.35,7.07,0.27
26.52,11.19,53.28,9.0,0.0
25.94,14.44,51.87,7.49,0.27
26.42,12.95,53.63,6.99,0.0
27.84,16.24,49.74,6.19,0.0
25.48,15.34,52.6,6.3,0.27
27.78,12.7,52.38,7.14,0.0
26.41,11.49,54.52,7.58,0.0
25.27,11.81,56.32,6.32,0.27
25.97,11.95,55.58,6.49,0.0
25.48,11.91,55.4,6.65,0.55
27.46,11.59,54.41,6.3,0.25
27.94,11.31,53.44,7.1,0.22
24.1,14.68,53.74,7.2,0.28
24.51,14.65,51.55,9.3,0.0
25.0,11.84,55.79,6.32,1.05
26.81,13.05,53.38,6.76,0.0
24.86,13.41,53.91,6.42,1.4
25.25,11.52,53.92,8.58,0.74
26.44,10.34,56.01,6.49,0.72
25.55,14.29,53.3,6.87,0.0
25.47,12.47,54.74,7.32,0.0
25.98,10.78,53.92,8.09,1.23
28.4,13.58,51.6,6.17,0.25
27.42,11.91,53.48,7.19,0.0
27.25,11.37,55.21,5.92,0.24
25.68,13.93,52.19,8.2,0.0
25.29,12.64,54.89,6.61,0.57
26.09,13.04,53.2,7.42,0.26
26.58,15.26,50.79,7.37,0.0
26.18,11.72,55.61,6.23,0.25
25.62,14.6,52.34,7.44,0.0
27.64,13.11,51.28,6.84,1.14
26.0,12.25,54.25,7.25,0.25
26.72,13.76,53.17,6.35,0.0
26.98,13.23,52.91,6.88,0.0
26.49,14.55,51.17,7.79,0.0
26.88,12.59,53.75,6.78,0.0
25.89,12.81,53.41,7.08,0.82
25.73,13.53,53.58,6.9,0.27
25.97,14.93,52.24,6.87,0.0
25.22,12.75,54.78,6.67,0.58
27.27,11.53,53.44,7.76,0.0
24.32,15.68,52.43,7.57,0.0
27.48,13.61,51.73,7.18,0.0
24.94,11.53,53.88,9.65,0.0
26.63,14.36,52.22,6.53,0.26
28.91,12.8,51.18,6.87,0.24
28.23,11.0,51.67,9.09,0.0
26.13,11.81,55.28,6.78,0.0
27.06,15.59,50.59,6.76,0.0
25.59,12.79,54.31,7.31,0.0
27.25,14.02,51.85,6.61,0.26
25.88,12.13,54.99,7.01,0.0
28.02,13.62,51.41,6.94,0.0
26.74,11.83,55.01,6.43,0.0
26.12,15.42,50.25,8.21,0.0
26.09,14.13,52.72,7.07,0.0
26.47,15.78,51.6,5.88,0.27
26.47,11.52,53.92,7.84,0.25
24.16,16.57,50.56,7.87,0.84
27.02,12.37,54.29,6.31,0.0
27.03,14.05,52.7,5.95,0.27
26.6,14.1,51.6,7.71,0.0
28.78,12.23,52.52,6.47,0.0
27.65,13.83,52.1,6.17,0.25
25.53,14.89,51.06,8.51,0.0
25.33,15.04,52.77,6.6,0.26
25.67,13.9,54.01,6.42,0.0
24.87,13.76,53.7,7.14,0.53
25.84,13.4,53.11,7.42,0.24
27.0,13.0,51.75,8.25,0.0
28.14,12.79,52.56,6.51,0.0
24.69,12.22,52.57,9.05,1.47
26.45,11.37,55.22,6.5,0.46
27.45,11.22,54.89,6.44,0.0
29.46,11.16,53.12,6.03,0.22
24.73,13.3,53.46,7.71,0.8
26.58,13.67,53.16,6.33,0.25
26.26,10.73,56.16,6.39,0.46
27.94,13.58,50.65,6.79,1.04
27.15,10.6,52.98,9.05,0.22
24.35,13.87,54.19,7.07,0.52
25.0,13.52,53.06,7.14,1.28
26.2,12.98,54.09,6.73,0.0
28.07,11.83,53.36,6.5,0.23
25.7,15.27,51.91,7.12,0.0
27.62,10.95,52.62,8.81,0.0
25.9,16.8,51.24,6.06,0.0
27.07,11.71,54.88,6.34,0.0
26.0,13.0,54.5,6.5,0.0
27.91,13.26,52.09,6.28,0.47
24.76,13.11,54.85,6.8,0.49
26.85,12.3,52.8,8.05,0.0
26.88,13.21,52.39,7.52,0.0
27.62,14.83,51.66,5.88,0.0
26.2,12.98,54.33,6.49,0.0
25.9,12.82,54.62,6.41,0.26
26.29,12.78,53.07,7.37,0.49
25.56,12.33,53.36,8.74,0.0
28.09,12.36,52.13,7.42,0.0
24.82,11.82,53.43,9.46,0.47
28.15,13.09,52.84,5.93,0.0
26.55,13.66,53.09,6.44,0.26
27.01,15.32,49.61,8.05,0.0
27.3,13.78,51.28,7.14,0.51
27.25,12.96,53.17,6.35,0.26
25.76,14.39,53.03,6.57,0.25
26.57,12.59,53.61,7.23,0.0
24.14,15.12,53.32,7.16,0.27
28.86,11.36,53.18,6.36,0.23
24.46,13.62,55.11,6.81,0.0
27.91,12.79,52.33,6.51,0.47
25.24,12.97,55.19,6.6,0.0
25.51,14.29,53.06,7.14,0.0
25.84,13.36,53.67,6.9,0.22
28.51,11.49,52.98,6.81,0.21
24.29,12.92,52.2,9.04,1.55
26.09,12.81,54.0,7.09,0.0
26.46,13.35,53.63,6.32,0.23
28.32,12.2,52.07,6.97,0.44
27.13,10.72,54.49,6.35,1.31
26.68,12.99,53.6,6.73,0.0
25.87,11.19,55.24,7.23,0.47
26.49,13.86,51.24,7.92,0.5
28.19,12.75,52.35,6.26,0.45
27.27,12.82,53.15,6.76,0.0
28.35,12.34,52.16,6.93,0.22
25.45,15.09,52.7,6.76,0.0
27.45,11.49,53.83,7.02,0.21
26.16,12.42,54.32,6.87,0.22
25.74,13.24,53.92,7.11,0.0
28.29,12.28,52.19,6.8,0.44
27.56,12.53,52.62,6.83,0.46
25.2,14.96,50.66,8.14,1.05
27.15,11.6,54.99,6.03,0.23
26.26,13.89,51.52,7.83,0.51
28.76,11.69,52.58,6.74,0.22
25.4,12.7,55.43,6.47,0.0
26.2,12.53,53.99,7.29,0.0
25.78,13.13,54.42,6.68,0.0
26.03,14.16,53.42,6.16,0.23
25.9,12.39,54.28,7.43,0.0
25.68,13.33,54.07,6.91,0.0
28.78,11.13,52.73,7.14,0.21
26.73,13.36,52.34,7.57,0.0
26.38,14.07,51.01,8.04,0.5
27.66,13.15,51.93,7.03,0.23
25.37,13.55,52.96,7.39,0.74
26.42,13.21,53.3,6.84,0.24
25.84,14.99,50.9,7.75,0.52
27.61,12.99,52.44,6.73,0.23
27.78,12.67,51.56,7.78,0.22
28.31,13.26,51.01,7.42,0.0
26.7,13.11,53.4,6.56,0.23
26.83,12.68,51.95,8.29,0.24
26.81,12.13,53.62,7.45,0.0
25.51,15.72,52.16,6.61,0.0
25.78,11.22,55.61,7.16,0.24
26.07,13.27,53.55,6.87,0.24
26.64,12.85,53.74,6.78,0.0
26.9,13.33,53.1,6.19,0.48
25.8,12.1,54.57,7.53,0.0
26.9,13.45,51.27,6.85,1.52
25.99,12.06,53.6,8.12,0.23
26.14,14.21,51.02,8.12,0.51
25.6,13.88,51.67,8.61,0.24
25.0,16.32,49.74,7.37,1.58
26.54,13.76,51.35,7.86,0.49
27.75,12.84,52.52,6.65,0.23
27.27,12.29,53.32,7.13,0.0
29.5,11.04,51.35,8.11,0.0
26.92,11.11,53.85,7.91,0.21
26.42,13.58,51.6,7.65,0.74
26.39,12.59,53.03,7.26,0.73
26.23,13.11,53.4,6.79,0.47
27.61,12.53,51.28,7.89,0.7
26.4,13.71,51.52,7.87,0.51
26.35,13.79,51.48,7.64,0.74
27.41,11.99,53.53,7.07,0.0
26.13,12.59,52.73,8.31,0.24
26.46,12.11,54.48,6.73,0.22
28.05,10.71,54.18,6.64,0.43
26.4,12.53,54.14,6.94,0.0
25.06,13.82,54.1,6.79,0.23
24.94,13.56,54.72,6.78,0.0
28.06,11.14,53.9,6.24,0.67
25.18,13.91,53.24,7.19,0.48
27.02,11.55,52.94,8.06,0.44
28.14,12.37,52.24,6.82,0.43
25.16,12.25,54.05,8.1,0.44
29.56,12.79,51.36,6.29,0.0
25.4,15.24,51.07,6.95,1.34
26.68,11.43,54.71,6.73,0.45
25.85,12.61,54.27,6.84,0.43
26.44,12.0,54.22,7.33,0.0
23.18,15.63,51.21,8.09,1.89
26.45,12.04,53.76,7.74,0.0
26.72,11.27,53.65,8.14,0.21
26.48,13.57,52.52,7.22,0.22
27.71,13.2,52.6,6.06,0.43
27.05,13.3,51.44,7.98,0.22
27.64,12.66,52.53,6.75,0.42
26.68,11.43,54.71,6.73,0.45
26.48,14.16,52.51,6.85,0.0
27.37,10.99,54.74,6.47,0.43
27.47,10.99,54.95,6.15,0.44
26.21,11.72,54.94,6.44,0.69
26.29,15.49,51.41,6.81,0.0
26.23,11.71,54.8,6.56,0.7
25.92,13.3,53.21,7.34,0.23
27.47,10.73,54.72,6.65,0.43
26.39,12.04,53.94,7.64,0.0
26.56,14.09,51.73,7.62,0.0
26.42,12.07,53.76,7.74,0.0
27.38,11.09,54.75,6.33,0.45
25.31,14.74,52.83,7.13,0.0
27.9,13.95,51.29,6.87,0.0
25.82,12.04,54.7,7.0,0.44
26.21,13.0,54.41,6.39,0.0
26.12,10.92,56.1,6.64,0.21
26.15,11.47,55.73,6.19,0.46
26.2,9.09,54.9,9.63,0.18
25.0,13.61,53.96,6.93,0.5
25.16,13.02,53.8,7.81,0.22
25.76,12.66,53.71,7.42,0.44
26.11,13.29,53.61,6.99,0.0
27.07,14.63,52.18,5.9,0.22
27.74,14.54,51.9,5.82,0.0
25.42,13.3,53.21,8.08,0.0
26.33,13.63,53.35,6.7,0.0
27.33,12.22,53.11,6.67,0.67
27.75,12.29,52.97,6.57,0.42
27.31,12.27,53.24,6.25,0.93
26.79,11.16,55.13,6.03,0.89
27.4,11.42,54.34,6.39,0.46
26.33,12.47,54.27,6.93,0.0
24.03,14.47,53.23,7.24,1.03
26.32,12.06,53.95,7.46,0.22
27.48,14.64,50.9,6.76,0.23
26.05,11.92,54.53,7.51,0.0
27.51,10.92,55.02,6.11,0.44
25.93,13.85,52.75,7.25,0.22
26.71,11.04,55.19,6.62,0.44
26.12,14.59,51.06,7.29,0.94
28.07,10.75,54.39,6.14,0.66
27.11,13.02,52.71,7.16,0.0
27.49,10.86,54.99,6.21,0.44
25.87,11.96,54.35,7.39,0.43
26.85,11.41,54.81,6.94,0.0
25.9,14.15,53.48,6.24,0.24
27.19,11.99,53.75,6.64,0.43
26.8,10.89,55.34,6.54,0.44
27.73,10.7,55.02,6.55,0.0
25.66,12.39,53.98,7.52,0.44
27.19,11.69,54.38,6.29,0.45
24.95,10.1,56.29,8.45,0.21
25.66,12.5,53.95,7.46,0.44
26.59,10.52,53.37,9.52,0.0
26.4,12.08,54.36,7.16,0.0
26.46,11.93,53.8,7.81,0.0
26.55,11.99,54.18,6.85,0.43
25.78,12.67,54.0,6.89,0.67
26.41,13.32,53.27,6.55,0.45
26.63,10.45,53.45,9.47,0.0
25.88,14.82,52.94,6.35,0.0
26.17,11.19,55.7,6.04,0.89
25.93,15.06,49.88,8.4,0.74
27.19,12.85,52.68,7.28,0.0
28.07,13.38,50.88,7.68,0.0
26.11,15.0,47.22,11.67,0.0
25.58,13.26,53.49,7.44,0.23
27.62,12.34,52.09,6.9,1.05
26.93,11.26,54.97,6.84,0.0
27.53,11.45,54.63,5.95,0.44
25.66,13.94,53.1,7.3,0.0
28.09,12.55,52.13,6.81,0.43
25.29,11.72,54.25,8.28,0.46
26.0,14.44,52.0,7.33,0.22
27.77,14.53,50.33,7.38,0.0
27.33,11.06,54.66,6.51,0.43
26.62,14.54,50.78,7.61,0.45
28.51,12.25,51.2,7.43,0.6
26.88,11.62,54.67,6.83,0.0
26.05,11.97,53.99,7.77,0.21
23.12,8.78,53.23,14.87,0.0
25.43,14.67,52.81,7.09,0.0
27.42,11.01,54.83,6.29,0.45
26.79,13.92,52.53,6.54,0.21
27.94,11.97,53.66,6.43,0.0
26.33,11.28,55.97,5.97,0.44
26.58,10.97,55.06,7.38,0.0
27.72,14.19,50.55,7.54,0.0
25.56,12.9,54.09,7.44,0.0
25.72,13.46,53.85,6.73,0.24
27.14,14.32,51.07,7.26,0.21
26.26,12.47,54.49,6.56,0.22
27.2,11.92,52.72,7.74,0.42
27.21,11.28,54.87,6.19,0.44
27.35,10.99,54.71,6.28,0.67
26.16,11.18,53.16,9.28,0.21
25.48,11.68,53.93,8.7,0.21
26.89,10.89,55.56,6.22,0.44
26.65,11.45,52.86,8.59,0.44
27.09,11.45,54.63,6.39,0.44
25.32,12.24,54.22,7.81,0.42
25.42,14.15,53.24,7.19,0.0
26.91,10.94,55.58,6.13,0.44
27.49,10.86,54.99,6.21,0.44
26.68,11.06,55.1,6.51,0.65
26.45,13.12,52.47,7.96,0.0
25.73,12.75,53.02,7.83,0.67
27.62,12.85,52.25,6.85,0.43
27.49,10.82,54.98,6.71,0.0
22.88,16.67,50.28,7.91,2.26
26.23,10.87,56.29,6.61,0.0
28.09,12.55,52.13,6.81,0.43
25.34,13.01,54.34,7.31,0.0
28.39,12.32,51.98,6.89,0.42
26.21,12.41,52.87,7.59,0.92
26.08,11.91,53.39,8.42,0.21
28.13,10.77,54.51,6.15,0.44
26.32,12.28,54.39,7.02,0.0
26.33,12.61,53.76,6.64,0.66
28.04,13.02,49.67,8.83,0.44
24.89,12.01,55.46,6.99,0.66
26.36,11.67,53.12,8.85,0.0
26.32,12.06,53.95,7.68,0.0
27.72,13.75,52.11,6.43,0.0
24.62,13.51,53.38,8.06,0.44
25.39,13.47,52.76,7.28,1.1
27.69,12.31,51.65,7.91,0.44
26.42,13.32,53.28,6.99,0.0
27.48,13.32,53.07,5.92,0.21
26.41,14.0,51.69,7.9,0.0
24.71,13.18,54.82,7.29,0.0
24.87,8.92,55.06,10.63,0.51
27.01,12.99,51.75,8.04,0.21
26.0,11.95,53.46,8.39,0.21
26.26,12.25,53.61,7.44,0.44
24.82,13.24,55.08,6.86,0.0
26.34,13.62,53.12,6.47,0.45
26.28,12.69,53.9,7.13,0.0
22.13,17.24,50.86,7.76,2.01
25.83,13.27,54.27,6.4,0.24
26.91,13.68,51.12,7.62,0.67
25.71,12.97,54.25,7.08,0.0
25.17,12.81,55.38,6.41,0.23
26.46,14.1,53.15,6.29,0.0
26.57,11.66,54.86,6.91,0.0
26.65,12.02,53.11,7.82,0.4
26.49,11.7,54.75,7.06,0.0
26.22,12.67,53.78,6.89,0.44
28.11,13.3,51.07,7.3,0.21
24.74,9.34,54.67,10.9,0.35
28.07,12.09,51.66,8.19,0.0
27.54,14.19,50.64,7.2,0.42
26.7,12.91,53.39,6.78,0.22
26.75,10.91,55.56,6.79,0.0
28.72,14.04,48.51,8.09,0.64
25.17,12.58,54.3,7.51,0.44
26.25,11.71,55.31,6.72,0.0
27.05,12.7,52.66,7.58,0.0
25.49,11.98,54.9,6.97,0.65
27.08,11.67,53.75,7.5,0.0
24.83,9.14,54.83,10.86,0.34
24.88,13.36,54.61,7.14,0.0
28.18,10.5,53.96,6.81,0.55
25.65,11.33,52.88,9.34,0.8
25.49,13.73,53.59,6.97,0.22
26.07,13.03,52.36,7.64,0.9
25.57,13.12,52.94,8.14,0.23
26.75,10.91,55.56,6.79,0.0
25.81,11.18,55.27,7.53,0.22
25.71,12.75,55.38,6.15,0.0
24.83,8.85,55.21,10.94,0.17
26.48,13.35,52.74,7.22,0.22
25.69,14.12,52.78,7.18,0.23
27.5,11.98,51.87,8.64,0.0
25.32,13.29,54.22,6.96,0.21
25.83,13.02,54.53,6.62,0.0
24.28,16.11,51.2,7.93,0.48
25.84,12.92,53.67,7.13,0.45
27.38,13.57,50.9,8.14,0.0
26.9,11.5,54.88,6.72,0.0
25.35,12.17,54.16,8.32,0.0
24.94,13.16,54.73,7.16,0.0
27.7,10.18,52.95,9.16,0.0
24.78,9.14,54.83,10.72,0.53
27.06,12.68,52.43,7.82,0.0
24.65,12.79,53.72,8.14,0.7
25.39,12.36,55.19,7.06,0.0
27.82,13.81,51.67,6.69,0.0
24.37,12.76,54.21,8.2,0.46
25.0,13.12,53.96,7.71,0.21
25.82,12.69,54.49,6.78,0.22
26.22,14.62,52.44,6.26,0.46
25.0,13.66,52.94,8.4,0.0
25.67,12.22,53.62,8.07,0.41
24.74,9.06,55.05,10.98,0.17
26.49,12.14,54.3,7.06,0.0
25.71,10.59,55.77,7.75,0.19
28.63,12.68,50.72,7.98,0.0
26.88,13.54,52.5,6.88,0.21
25.49,12.53,55.16,6.81,0.0
25.78,14.35,52.69,6.95,0.22
27.16,12.76,53.29,6.79,0.0
25.84,14.38,51.69,7.87,0.22
26.91,11.23,55.08,6.78,0.0
23.97,9.93,55.06,10.49,0.56
24.74,8.82,55.02,10.9,0.52
24.79,8.89,54.87,10.94,0.51
24.74,9.06,55.05,10.98,0.17
26.41,13.85,53.25,6.49,0.0
25.16,13.42,52.41,8.81,0.21
25.41,16.0,51.53,6.35,0.71
25.26,13.36,54.91,6.47,0.0
24.56,13.72,53.98,6.19,1.55
26.12,12.85,54.6,6.21,0.21
27.1,13.87,50.21,7.77,1.05
26.04,11.33,55.47,7.16,0.0
26.56,12.07,54.33,6.84,0.2
26.37,12.81,52.17,8.66,0.0
27.41,11.0,54.25,6.95,0.39
25.64,10.81,55.13,8.24,0.18
25.7,12.1,55.08,6.91,0.22
27.27,12.12,52.38,8.23,0.0
26.67,11.76,53.92,7.65,0.0
26.91,13.14,52.33,7.63,0.0
26.24,12.69,53.76,7.1,0.22
25.23,10.05,54.48,9.69,0.55
25.21,14.41,53.39,5.93,1.06
24.31,13.95,53.49,7.82,0.42
24.67,13.97,53.71,7.42,0.22
25.71,12.42,54.9,6.75,0.22
26.15,11.98,54.29,7.58,0.0
24.43,12.42,54.04,8.9,0.21
25.92,12.24,53.27,8.37,0.2
26.65,12.65,54.09,6.42,0.19
27.39,13.59,51.59,7.22,0.21
29.33,9.36,52.65,8.66,0.0
25.22,12.5,55.7,6.58,0.0
26.94,13.58,52.59,6.9,0.0
25.98,10.74,55.86,7.23,0.2
26.51,12.94,53.44,6.68,0.42
26.82,15.59,51.14,6.44,0.0
26.46,13.33,52.53,7.27,0.4
26.85,14.16,52.01,6.98,0.0
26.91,10.36,56.0,6.36,0.36
24.55,14.64,52.03,8.11,0.68
25.61,14.35,52.54,7.06,0.44
22.04,17.36,50.41,7.99,2.2
25.66,13.67,53.75,6.93,0.0
26.08,14.37,53.39,6.16,0.0
26.65,11.67,54.47,7.0,0.19
25.51,12.65,53.67,8.16,0.0
25.59,15.4,49.76,7.82,1.42
26.0,13.21,52.2,7.76,0.84
25.29,11.41,55.51,7.22,0.57
26.97,11.81,53.54,7.68,0.0
26.32,14.04,53.02,6.24,0.39
27.8,12.8,52.6,6.8,0.0
24.9,11.95,55.78,6.77,0.6
25.83,12.81,52.69,7.23,1.45
23.37,9.31,53.1,14.22,0.0
25.0,14.13,51.45,9.42,0.0
26.81,13.31,51.86,8.02,0.0
22.78,16.2,51.14,7.59,2.28
26.77,11.47,54.68,6.88,0.19
24.9,12.74,53.61,8.75,0.0
25.9,13.33,53.14,7.24,0.38
26.11,14.23,51.8,7.43,0.42
27.45,12.42,53.71,6.41,0.0
27.15,11.33,55.66,5.27,0.59
27.93,12.5,53.52,6.05,0.0
26.0,14.47,52.41,7.13,0.0
26.97,12.24,52.9,7.68,0.21
27.44,12.78,52.07,6.77,0.94
24.15,15.72,51.48,8.66,0.0
27.17,14.37,51.77,6.69,0.0
25.38,14.22,52.95,7.44,0.0
25.39,13.28,52.93,8.4,0.0
25.0,14.01,52.59,7.97,0.43
27.14,10.56,55.19,6.92,0.18
26.69,11.95,53.78,6.57,1.0
28.49,12.4,51.16,7.56,0.39
26.82,12.47,52.39,7.9,0.42
26.73,11.54,54.62,6.92,0.19
25.44,13.2,53.01,8.35,0.0
27.17,11.13,54.53,6.98,0.19
26.34,13.66,51.68,7.72,0.59
26.33,12.77,52.46,8.45,0.0
25.7,12.35,53.98,7.37,0.6
25.05,13.76,53.8,7.39,0.0
27.13,13.37,52.52,6.59,0.39
24.38,14.17,54.58,6.67,0.21
25.6,12.9,53.63,7.66,0.2
27.73,13.87,51.17,7.23,0.0
25.52,13.61,52.17,8.32,0.38
26.68,14.01,51.82,7.29,0.19
25.82,12.14,53.18,8.48,0.39
25.27,13.7,52.89,7.71,0.43
27.43,11.48,53.7,6.42,0.97
26.58,12.24,52.95,7.81,0.42
26.78,11.37,54.72,6.94,0.19
26.61,13.31,52.05,7.63,0.39
25.75,10.66,53.64,9.77,0.18
25.46,13.35,52.77,8.42,0.0
25.05,12.74,53.93,8.07,0.21
26.01,12.75,51.34,9.9,0.0
25.9,11.45,55.62,6.83,0.2
26.11,13.89,52.84,6.95,0.21
25.32,12.66,52.53,8.02,1.48
26.73,11.88,53.86,6.53,0.99
26.67,13.33,52.59,7.41,0.0
25.25,12.93,54.34,6.67,0.81
25.91,13.22,53.99,6.7,0.18
22.96,9.69,53.06,14.29,0.0
26.26,13.04,53.5,7.0,0.19
25.29,12.94,51.96,8.24,1.57
26.54,12.9,52.52,8.04,0.0
25.71,11.34,54.06,7.56,1.32
25.87,12.75,52.82,8.56,0.0
26.48,11.3,54.44,7.22,0.56
25.83,15.83,51.67,6.04,0.62
27.31,13.84,51.29,7.56,0.0
26.38,12.52,54.08,6.64,0.38
24.75,12.77,55.09,6.79,0.6
25.57,14.85,52.16,7.01,0.41
25.32,15.15,51.52,6.71,1.3
26.5,13.15,52.03,7.93,0.39
27.44,12.52,51.75,7.55,0.74
26.09,11.91,54.25,7.56,0.19
25.92,12.68,53.68,7.17,0.55
26.64,11.26,53.85,8.07,0.19
27.07,13.81,51.57,7.55,0.0
26.53,12.64,52.89,7.76,0.18
25.86,12.45,54.41,7.09,0.19
25.73,14.52,51.66,7.88,0.21
27.77,11.63,53.1,7.5,0.0
24.34,14.6,53.32,6.86,0.88
24.7,15.18,53.24,6.68,0.2
27.96,12.78,51.11,7.41,0.74
26.57,15.18,51.61,6.64,0.0
25.98,11.96,54.58,7.29,0.19
26.17,13.08,53.27,7.48,0.0
27.17,12.83,52.64,6.79,0.57
26.59,12.93,52.82,7.29,0.36
25.55,12.88,54.12,7.24,0.2
26.99,12.68,52.54,7.61,0.18
25.0,13.1,52.02,8.27,1.61
24.58,14.19,51.91,7.84,1.48
26.65,14.43,51.9,6.81,0.2
28.4,11.82,52.56,7.23,0.0
25.54,13.45,52.44,8.19,0.39
26.36,13.88,52.31,6.84,0.6
24.95,13.44,53.17,8.25,0.19
24.62,15.69,51.2,7.19,1.31
24.75,12.77,55.29,6.59,0.6
26.78,12.36,51.87,8.43,0.56
27.6,12.67,52.55,7.18,0.0
27.56,11.36,54.56,5.96,0.56
26.82,11.9,52.93,7.99,0.36
28.75,11.43,53.93,5.71,0.18
28.52,11.6,53.23,6.46,0.19
26.95,11.34,53.9,7.62,0.19
24.95,14.71,51.81,7.25,1.28
27.15,13.19,51.43,8.22,0.0
28.01,11.87,52.88,6.49,0.74
26.12,13.81,53.17,6.53,0.37
26.04,13.52,52.49,6.76,1.19
27.3,12.23,53.37,6.91,0.18
25.15,13.84,52.44,7.21,1.36
26.31,12.96,53.58,6.77,0.39
27.7,11.87,53.42,6.47,0.54
24.95,13.03,53.39,8.62,0.0
26.1,13.75,52.39,6.57,1.2
25.91,13.05,52.78,7.1,1.15
25.39,13.98,52.95,7.09,0.59
24.84,14.56,51.82,7.49,1.28
27.61,12.07,53.75,6.22,0.37
27.42,13.8,51.08,7.53,0.18
27.59,12.04,53.7,6.3,0.37
27.4,13.17,52.14,6.94,0.36
25.36,14.55,52.39,6.44,1.25
27.57,12.13,53.68,6.25,0.37
27.66,11.9,53.66,6.41,0.37
24.95,14.38,52.01,7.4,1.27
27.77,12.89,52.45,6.9,0.0
24.71,13.13,54.44,7.34,0.39
25.26,14.08,51.76,7.66,1.24
25.3,12.96,54.45,7.29,0.0
28.16,12.48,51.69,7.13,0.53
25.2,12.4,55.12,7.28,0.0
27.54,12.01,53.6,6.28,0.55
26.93,11.49,54.04,7.18,0.36
25.98,13.58,52.36,6.89,1.18
25.88,13.78,52.51,7.82,0.0
29.69,11.81,52.95,5.38,0.17
24.61,13.09,54.88,6.84,0.59
27.59,12.04,53.7,6.3,0.37
28.13,12.16,53.18,6.35,0.18
27.62,11.97,53.78,6.26,0.37
24.86,12.9,52.94,7.97,1.33
28.19,11.85,53.5,6.1,0.36
25.48,12.93,54.44,7.14,0.0
27.41,11.72,53.79,6.9,0.17
26.39,13.0,53.15,6.31,1.15
27.74,11.68,53.47,6.57,0.55
27.39,13.87,51.17,7.39,0.18
26.04,13.81,52.27,6.71,1.18
28.02,12.09,52.93,6.41,0.55
26.9,12.24,53.62,6.86,0.37
25.36,14.35,51.98,7.07,1.25
28.01,12.06,52.88,6.49,0.56
27.83,11.31,54.04,6.46,0.36
27.43,13.81,51.49,7.28,0.0
23.67,17.48,49.56,7.52,1.77
25.25,13.03,54.58,7.13,0.0
26.11,13.97,52.23,6.48,1.21
28.36,13.62,51.12,6.34,0.56
26.63,13.41,53.07,6.89,0.0
25.83,13.5,52.45,7.05,1.17
28.02,12.09,52.93,6.41,0.55
27.75,13.87,50.63,7.57,0.18
24.7,14.82,51.58,7.71,1.19
27.96,11.65,53.58,6.45,0.36
24.75,14.49,54.33,6.44,0.0
25.44,12.82,54.17,7.38,0.19
27.66,11.9,53.85,6.23,0.37
27.48,13.83,50.89,7.8,0.0
26.15,13.57,52.5,6.59,1.2
27.04,12.22,53.89,6.48,0.37
27.1,12.52,52.34,7.29,0.75
27.62,11.97,53.78,6.26,0.37
28.07,11.93,53.03,6.42,0.55
24.86,13.1,53.95,7.71,0.39
27.89,11.55,53.82,6.39,0.36
28.15,11.88,53.2,6.4,0.37
25.38,13.26,52.65,7.39,1.33
25.52,14.32,51.87,7.05,1.24
27.18,13.32,52.4,7.1,0.0
25.44,13.4,53.01,6.99,1.17
24.71,13.41,53.07,7.66,1.15
25.3,13.32,52.45,8.94,0.0
28.55,14.18,49.55,7.18,0.54
28.46,10.89,54.15,6.02,0.49
25.54,13.86,51.59,8.85,0.17
26.94,14.29,51.54,7.23,0.0
25.72,12.5,53.44,7.25,1.09
25.0,13.77,53.62,7.25,0.36
28.57,13.59,49.65,7.49,0.7
27.41,14.07,51.3,7.22,0.0
25.41,12.8,55.03,6.58,0.18
25.62,13.09,53.13,7.02,1.14
27.04,12.31,54.25,6.24,0.17
27.73,14.31,50.45,6.98,0.54
28.03,11.42,53.63,6.75,0.17
28.84,11.95,50.68,7.85,0.68
25.49,13.81,52.72,6.81,1.17
27.19,13.16,52.46,7.02,0.18
26.76,10.98,54.72,7.03,0.51
28.57,13.57,50.0,7.14,0.71
26.45,13.71,52.12,6.56,1.16
25.33,13.33,53.33,8.0,0.0
26.65,14.5,46.91,11.94,0.0
25.9,13.61,53.12,6.24,1.13
26.63,14.26,51.55,7.39,0.17
25.85,13.4,53.21,6.42,1.13
26.9,12.57,54.16,6.19,0.18
24.85,13.63,52.3,7.82,1.4
25.67,13.03,52.87,7.28,1.15
25.73,13.73,52.8,6.58,1.16
25.62,13.19,52.77,7.27,1.15
26.21,12.93,53.68,7.0,0.18
26.81,13.04,52.17,6.88,1.09
25.9,14.06,51.61,7.23,1.2
26.71,11.37,53.97,7.58,0.36
25.52,12.48,54.82,6.99,0.19
27.85,11.76,51.73,8.65,0.0
25.83,13.59,52.82,6.6,1.17
26.41,13.2,52.82,7.22,0.35
26.33,11.7,54.66,7.13,0.18
24.61,13.78,52.36,8.07,1.18
25.58,13.27,52.88,7.12,1.15
25.67,13.03,52.87,7.28,1.15
27.0,13.78,52.14,6.89,0.19
26.17,12.67,53.5,7.67,0.0
25.71,13.33,53.33,6.48,1.14
25.77,14.64,51.13,7.22,1.24
27.29,12.15,54.75,5.63,0.18
25.71,12.67,54.82,6.43,0.38
25.54,13.65,52.63,7.02,1.17
26.06,13.13,52.51,7.14,1.16
25.36,13.32,51.82,8.21,1.28
25.35,13.48,53.55,7.09,0.53
24.95,13.41,54.0,7.45,0.19
24.9,14.79,53.31,7.0,0.0
24.1,14.8,52.85,8.25,0.0
25.62,13.19,52.96,7.07,1.15
28.03,12.46,52.25,7.27,0.0
26.96,12.0,54.61,6.09,0.35
29.3,12.95,50.09,7.16,0.51
24.43,14.5,52.48,7.44,1.15
24.68,13.33,53.33,8.29,0.36
27.27,12.06,52.27,7.52,0.87
27.82,12.36,53.27,6.36,0.18
25.62,14.67,51.03,7.44,1.24
25.34,13.54,53.0,6.96,1.16
26.81,13.04,52.17,6.88,1.09
25.68,13.51,52.9,6.76,1.16
26.3,14.2,52.59,6.72,0.19
25.96,12.28,54.56,7.19,0.0
25.0,12.87,52.39,8.46,1.29
26.75,12.59,54.37,5.94,0.35
26.98,11.51,53.95,7.39,0.17
26.21,12.64,53.72,7.25,0.19
25.53,13.35,53.38,6.58,1.16
26.62,12.63,52.22,8.36,0.17
25.82,12.73,52.73,7.09,1.64
